LocationID;FullAddress
1;478 Richardson Oval  Tarachester  PA 48332
2;03674 Walker Prairie Suite 658  New Nicole  GU 14772
3;6077 Rachel Oval Suite 720  Johnstad  MD 07994
4;902 Crystal Cliff  Youngview  KS 11358
5;7982 Jennifer Forest  Warrenmouth  MP 26319
6;478 Richardson Oval  Tarachester  PA 48332
7;03674 Walker Prairie Suite 658  New Nicole  GU 14772
8;6077 Rachel Oval Suite 720  Johnstad  MD 07994
9;902 Crystal Cliff  Youngview  KS 11358
10;7982 Jennifer Forest  Warrenmouth  MP 26319
11;735 Jones Mews  New Ginafurt  AR 99785
12;929 Pearson Point Apt. 757  South Hannahview  AK 90299
13;3140 Nathan Circle Apt. 160  Lake Rebecca  MA 46135
14;292 Mills Coves  South Ashleyfurt  HI 63525
15;734 Barry Way  Melaniemouth  NM 62833
16;735 Jones Mews  New Ginafurt  AR 99785
17;929 Pearson Point Apt. 757  South Hannahview  AK 90299
18;3140 Nathan Circle Apt. 160  Lake Rebecca  MA 46135
19;292 Mills Coves  South Ashleyfurt  HI 63525
20;734 Barry Way  Melaniemouth  NM 62833
21;0400 Whitney Street Suite 326  Port Christopherhaven  DC 25491
22;357 Carlson Plaza Suite 295  South Tammyburgh  SC 24233
23;24479 David Dale  Dennisfort  NH 56221
24;041 Hancock Mall  East Janet  DC 68991
25;USCGC Brennan  FPO AA 83470
26;0400 Whitney Street Suite 326  Port Christopherhaven  DC 25491
27;357 Carlson Plaza Suite 295  South Tammyburgh  SC 24233
28;24479 David Dale  Dennisfort  NH 56221
29;041 Hancock Mall  East Janet  DC 68991
30;USCGC Brennan  FPO AA 83470
31;Unit 0046 Box 0578  DPO AA 65021
32;879 Nicholas Plains  New Michele  ID 79107
33;PSC 7800  Box 0850  APO AP 76081
34;Unit 0046 Box 0578  DPO AA 65021
35;879 Nicholas Plains  New Michele  ID 79107
36;PSC 7800  Box 0850  APO AP 76081
37;6030 Joseph Vista  South Stephen  NV 91994
38;3459 Sullivan Loop  Patricialand  NE 56293
39;116 David Extensions  South Keith  OK 89900
40;6030 Joseph Vista  South Stephen  NV 91994
41;3459 Sullivan Loop  Patricialand  NE 56293
42;116 David Extensions  South Keith  OK 89900
43;0498 Reynolds Glens Apt. 928  South Victoriachester  GU 88835
44;75615 Patrick Camp Suite 717  North Stephaniemouth  GU 02091
45;305 Alan Rue Apt. 795  Williamhaven  IL 87391
46;177 Casey Forges  Levychester  AL 62400
47;6123 Lynn Knolls Suite 730  Laceymouth  GA 55970
48;0498 Reynolds Glens Apt. 928  South Victoriachester  GU 88835
49;75615 Patrick Camp Suite 717  North Stephaniemouth  GU 02091
50;305 Alan Rue Apt. 795  Williamhaven  IL 87391
51;177 Casey Forges  Levychester  AL 62400
52;6123 Lynn Knolls Suite 730  Laceymouth  GA 55970
53;31836 Todd Knolls Apt. 255  Zacharyport  IA 83039
54;787 Greg Locks Suite 378  Lake Tracy  SC 74993
55;31836 Todd Knolls Apt. 255  Zacharyport  IA 83039
56;787 Greg Locks Suite 378  Lake Tracy  SC 74993
57;7260 Eugene Valleys  Greeneborough  CO 21834
58;6718 James Creek Apt. 731  South Javierton  MH 68449
59;772 Richard Garden  Fowlerfurt  MO 75691
60;997 Allen Canyon  Coryside  OK 63590
61;7260 Eugene Valleys  Greeneborough  CO 21834
62;6718 James Creek Apt. 731  South Javierton  MH 68449
63;772 Richard Garden  Fowlerfurt  MO 75691
64;997 Allen Canyon  Coryside  OK 63590
65;5973 Christopher Passage Apt. 243  South Hannahside  IL 26789
66;PSC 5270  Box 3322  APO AA 79905
67;190 Stacy Groves Apt. 676  South Kristin  TX 02169
68;158 Susan Radial  Lake Sandra  VI 93874
69;155 Anita Islands  New Victorland  VA 55165
70;6651 Wesley Vista Suite 398  South Preston  MN 04365
71;5973 Christopher Passage Apt. 243  South Hannahside  IL 26789
72;PSC 5270  Box 3322  APO AA 79905
73;190 Stacy Groves Apt. 676  South Kristin  TX 02169
74;158 Susan Radial  Lake Sandra  VI 93874
75;155 Anita Islands  New Victorland  VA 55165
76;6651 Wesley Vista Suite 398  South Preston  MN 04365
77;73622 John Valley  Lake Julieport  AS 03714
78;13348 Jones Summit Suite 332  East Tylertown  PR 19935
79;780 Phillips Burgs  East Kyle  PW 32265
80;07194 Warren Cliffs  Bergshire  AR 61898
81;73622 John Valley  Lake Julieport  AS 03714
82;13348 Jones Summit Suite 332  East Tylertown  PR 19935
83;780 Phillips Burgs  East Kyle  PW 32265
84;07194 Warren Cliffs  Bergshire  AR 61898
85;1740 Michael Inlet  Port Thomas  WA 20722
86;226 Compton Island  Nicholasview  AR 68039
87;215 Smith Overpass Apt. 248  Port Jamieton  DE 21960
88;29538 Patel Flat Suite 721  Taylorhaven  SD 16403
89;1740 Michael Inlet  Port Thomas  WA 20722
90;226 Compton Island  Nicholasview  AR 68039
91;215 Smith Overpass Apt. 248  Port Jamieton  DE 21960
92;29538 Patel Flat Suite 721  Taylorhaven  SD 16403
93;618 Savage Gardens  Smithfurt  MP 68592
94;3595 Ronald Freeway  Weberchester  NV 76516
95;53673 Erin Isle Suite 430  Mooreside  AK 37229
96;618 Savage Gardens  Smithfurt  MP 68592
97;3595 Ronald Freeway  Weberchester  NV 76516
98;53673 Erin Isle Suite 430  Mooreside  AK 37229
99;6608 Moody Cove  Port Joshua  RI 77593
100;006 Jacob Loop  Brianamouth  PR 41696
101;Unit 4897 Box 3197  DPO AP 13534
102;6608 Moody Cove  Port Joshua  RI 77593
103;006 Jacob Loop  Brianamouth  PR 41696
104;Unit 4897 Box 3197  DPO AP 13534
105;PSC 9007  Box 2825  APO AP 96818
106;40087 Jessica Loaf  Susanside  SC 35277
107;86069 Woodward Underpass  Lake Jeffrey  RI 87928
108;797 Phillips Circle Apt. 334  Samuelfurt  OR 86848
109;PSC 9007  Box 2825  APO AP 96818
110;40087 Jessica Loaf  Susanside  SC 35277
111;86069 Woodward Underpass  Lake Jeffrey  RI 87928
112;797 Phillips Circle Apt. 334  Samuelfurt  OR 86848
113;90614 Jesse Forge  North Jacob  TN 92539
114;1954 Williams Key  New Kristine  WV 59122
115;90614 Jesse Forge  North Jacob  TN 92539
116;1954 Williams Key  New Kristine  WV 59122
117;9898 Velez Road Suite 454  East Marie  AL 00803
118;600 Marie Cape  Ashleyville  HI 39513
119;2932 James Roads  East Paul  GA 20008
120;786 Gates Trail Apt. 738  Raymondport  VA 70979
121;29153 Sharon Well Apt. 593  Burkeburgh  UT 97759
122;9898 Velez Road Suite 454  East Marie  AL 00803
123;600 Marie Cape  Ashleyville  HI 39513
124;2932 James Roads  East Paul  GA 20008
125;786 Gates Trail Apt. 738  Raymondport  VA 70979
126;29153 Sharon Well Apt. 593  Burkeburgh  UT 97759
127;614 Chapman Ports Apt. 520  Port Sandra  NC 70149
128;614 Chapman Ports Apt. 520  Port Sandra  NC 70149
129;97368 Duffy Brooks  West Paula  SC 94641
130;301 Steven Knolls Suite 429  Gabrielstad  MA 54130
131;97368 Duffy Brooks  West Paula  SC 94641
132;301 Steven Knolls Suite 429  Gabrielstad  MA 54130
133;6192 Baker Haven  Thompsonberg  MT 97750
134;33828 Steven Trace  West Chelseastad  WI 74651
135;77792 Timothy Ports Apt. 099  Taylorshire  CO 17293
136;6192 Baker Haven  Thompsonberg  MT 97750
137;33828 Steven Trace  West Chelseastad  WI 74651
138;77792 Timothy Ports Apt. 099  Taylorshire  CO 17293
139;55219 Cynthia Parkways  Lake David  NE 71682
140;55219 Cynthia Parkways  Lake David  NE 71682
141;5288 Bartlett Circle  Port Kristine  SD 73651
142;065 Powell Brook  Blackberg  OH 64957
143;53873 James Estate  East John  NE 85433
144;8655 Austin View Suite 590  Port Kristy  GA 46528
145;5288 Bartlett Circle  Port Kristine  SD 73651
146;065 Powell Brook  Blackberg  OH 64957
147;53873 James Estate  East John  NE 85433
148;8655 Austin View Suite 590  Port Kristy  GA 46528
149;691 Brandon Radial Apt. 991  New Thomasmouth  KS 42714
150;404 Sarah Flats  South Josephhaven  FM 06126
151;81185 Ramirez Meadows  Matthewstad  ME 62473
152;691 Brandon Radial Apt. 991  New Thomasmouth  KS 42714
153;404 Sarah Flats  South Josephhaven  FM 06126
154;81185 Ramirez Meadows  Matthewstad  ME 62473
155;7118 William Curve Apt. 999  Reginaton  GU 36798
156;46169 Brown Valley Apt. 972  East Marthaburgh  NC 33167
157;19995 Woodard Forks  Spencerville  MP 42308
158;085 Dawn Mountain  Shannonchester  ID 22094
159;26274 Arias Squares Suite 120  Andrewberg  MA 37058
160;18127 Green Route Suite 843  South Danielleville  WY 22414
161;46729 Daniel Glen  Danachester  WY 85044
162;78318 Sara Pine Apt. 813  East Jessica  PA 25495
163;7118 William Curve Apt. 999  Reginaton  GU 36798
164;46169 Brown Valley Apt. 972  East Marthaburgh  NC 33167
165;19995 Woodard Forks  Spencerville  MP 42308
166;085 Dawn Mountain  Shannonchester  ID 22094
167;26274 Arias Squares Suite 120  Andrewberg  MA 37058
168;18127 Green Route Suite 843  South Danielleville  WY 22414
169;46729 Daniel Glen  Danachester  WY 85044
170;78318 Sara Pine Apt. 813  East Jessica  PA 25495
171;84307 Ian Wells Suite 989  North Saramouth  TX 44701
172;47298 Morgan Parks  North Patrickton  SC 53782
173;89609 Charles Pike Suite 280  Alexanderside  NJ 53439
174;87718 Melissa Loaf  Mollyburgh  SC 64249
175;84307 Ian Wells Suite 989  North Saramouth  TX 44701
176;47298 Morgan Parks  North Patrickton  SC 53782
177;89609 Charles Pike Suite 280  Alexanderside  NJ 53439
178;87718 Melissa Loaf  Mollyburgh  SC 64249
179;Unit 3033 Box 1678  DPO AP 85594
180;USS Reynolds  FPO AA 53429
181;395 Jennifer Loaf Suite 807  Ashleeland  VI 27861
182;6496 Stewart Drive Suite 680  North Michael  AS 21547
183;2074 Cervantes Harbor  East Amberport  UT 74968
184;12704 Neal Orchard Suite 234  Lopezton  MP 48259
185;Unit 3033 Box 1678  DPO AP 85594
186;USS Reynolds  FPO AA 53429
187;395 Jennifer Loaf Suite 807  Ashleeland  VI 27861
188;6496 Stewart Drive Suite 680  North Michael  AS 21547
189;2074 Cervantes Harbor  East Amberport  UT 74968
190;12704 Neal Orchard Suite 234  Lopezton  MP 48259
191;0639 Herman Lodge  South Sheila  UT 92930
192;8815 Burton Station  West Andrea  PW 73021
193;83226 Anderson Fort Apt. 858  Wendyside  CO 78204
194;0639 Herman Lodge  South Sheila  UT 92930
195;8815 Burton Station  West Andrea  PW 73021
196;83226 Anderson Fort Apt. 858  Wendyside  CO 78204
197;246 Harmon Knoll Apt. 816  New Jacob  RI 02702
198;60203 Fowler Land Suite 760  New Richard  NC 52307
199;503 Morgan Neck  North Angela  KY 47994
200;0628 Vasquez Shoal  Lake Robert  AK 35358
201;246 Harmon Knoll Apt. 816  New Jacob  RI 02702
202;60203 Fowler Land Suite 760  New Richard  NC 52307
203;503 Morgan Neck  North Angela  KY 47994
204;0628 Vasquez Shoal  Lake Robert  AK 35358
205;831 Wendy Roads Apt. 800  Lake Emma  IA 90407
206;4191 Garcia Port Suite 636  East Maria  OH 31027
207;912 Rebecca Views  Brittanyside  DC 44113
208;831 Wendy Roads Apt. 800  Lake Emma  IA 90407
209;4191 Garcia Port Suite 636  East Maria  OH 31027
210;912 Rebecca Views  Brittanyside  DC 44113
211;1804 Gabriel Cliff Suite 457  Jerryport  IA 06813
212;06686 Ramirez Center Apt. 630  Jasmineburgh  MA 46691
213;317 Duncan Spur Suite 318  Lake Mariahtown  MP 81451
214;73767 Kathryn Meadows Apt. 692  West Michelle  TN 45517
215;1804 Gabriel Cliff Suite 457  Jerryport  IA 06813
216;06686 Ramirez Center Apt. 630  Jasmineburgh  MA 46691
217;317 Duncan Spur Suite 318  Lake Mariahtown  MP 81451
218;73767 Kathryn Meadows Apt. 692  West Michelle  TN 45517
219;USNS Mcneil  FPO AP 42838
220;77209 Rachel Prairie Apt. 790  Cuevasborough  NH 06031
221;USNS Mcneil  FPO AP 42838
222;77209 Rachel Prairie Apt. 790  Cuevasborough  NH 06031
223;08750 Mckay Valleys Suite 525  Dennisfort  RI 79694
224;9865 Sherri Streets Apt. 196  Amandatown  SC 13547
225;81030 Gibson Common  Port Jodimouth  VI 13360
226;08750 Mckay Valleys Suite 525  Dennisfort  RI 79694
227;9865 Sherri Streets Apt. 196  Amandatown  SC 13547
228;81030 Gibson Common  Port Jodimouth  VI 13360
229;96972 Deborah Terrace Suite 935  New Julie  GA 32965
230;5089 Samantha Way  Lisaland  WA 95584
231;843 Donald Lock Suite 986  Zacharyberg  OH 79330
232;7922 Hughes Expressway  Lake Peggyhaven  OH 38987
233;96972 Deborah Terrace Suite 935  New Julie  GA 32965
234;5089 Samantha Way  Lisaland  WA 95584
235;843 Donald Lock Suite 986  Zacharyberg  OH 79330
236;7922 Hughes Expressway  Lake Peggyhaven  OH 38987
237;402 Wallace Course  West Katherineport  VI 53571
238;402 Wallace Course  West Katherineport  VI 53571
239;7917 Nelson Cliffs Suite 174  East Teresa  MO 35942
240;628 Judy Club  Theresatown  FL 67447
241;Unit 5412 Box 7261  DPO AE 67769
242;7917 Nelson Cliffs Suite 174  East Teresa  MO 35942
243;628 Judy Club  Theresatown  FL 67447
244;Unit 5412 Box 7261  DPO AE 67769
245;30526 Tucker Ports Suite 986  South Edward  WI 57185
246;80178 Nunez Points Apt. 592  Loveside  KS 08175
247;355 Matthew Station  Benjaminmouth  IL 04081
248;719 Alvarado Creek  South Karaview  AS 05448
249;116 Lewis Street Suite 656  East Teresamouth  OR 25419
250;1305 Steve Valley Suite 627  Port Melissa  OK 94428
251;30526 Tucker Ports Suite 986  South Edward  WI 57185
252;80178 Nunez Points Apt. 592  Loveside  KS 08175
253;355 Matthew Station  Benjaminmouth  IL 04081
254;719 Alvarado Creek  South Karaview  AS 05448
255;116 Lewis Street Suite 656  East Teresamouth  OR 25419
256;1305 Steve Valley Suite 627  Port Melissa  OK 94428
257;76032 Edwards Valley  Jacksonfurt  VA 58437
258;52240 Jones Motorway  Port Michael  OR 10217
259;63562 Jennifer Villages  Barberfurt  WI 26434
260;1766 Durham Prairie Apt. 023  North Christina  ME 20524
261;76032 Edwards Valley  Jacksonfurt  VA 58437
262;52240 Jones Motorway  Port Michael  OR 10217
263;63562 Jennifer Villages  Barberfurt  WI 26434
264;1766 Durham Prairie Apt. 023  North Christina  ME 20524
265;039 Moore Expressway Apt. 152  Patrickstad  MO 62074
266;07037 Darrell Court Apt. 372  East Brucehaven  DC 21516
267;3957 Cook Locks  Port Jason  AK 71417
268;PSC 2027  Box 9118  APO AE 88311
269;5681 Smith Summit Apt. 395  East Jeff  NE 08766
270;10553 Kimberly Spurs  Port Charles  UT 58008
271;74059 Hall Meadows Apt. 015  North Glenn  ME 12824
272;039 Moore Expressway Apt. 152  Patrickstad  MO 62074
273;07037 Darrell Court Apt. 372  East Brucehaven  DC 21516
274;3957 Cook Locks  Port Jason  AK 71417
275;PSC 2027  Box 9118  APO AE 88311
276;5681 Smith Summit Apt. 395  East Jeff  NE 08766
277;10553 Kimberly Spurs  Port Charles  UT 58008
278;74059 Hall Meadows Apt. 015  North Glenn  ME 12824
279;052 Aaron Roads Suite 428  Taylorland  CT 63786
280;423 Chavez Garden Apt. 744  Port Levi  AL 60465
281;49844 Lucas Summit  Julieberg  MN 13106
282;638 Lewis Lake  Dawnville  NH 97598
283;096 Rachel Stream  Davisstad  VT 17200
284;052 Aaron Roads Suite 428  Taylorland  CT 63786
285;423 Chavez Garden Apt. 744  Port Levi  AL 60465
286;49844 Lucas Summit  Julieberg  MN 13106
287;638 Lewis Lake  Dawnville  NH 97598
288;096 Rachel Stream  Davisstad  VT 17200
289;994 William Gardens Apt. 473  North Devon  NJ 80771
290;4986 Jacobson Ford Suite 266  North Jenniferhaven  FM 69766
291;083 Price Crescent  Garciaport  DC 12225
292;6199 Michael Spur  Joannshire  OR 19150
293;23315 Hall Viaduct Apt. 323  South Robert  OK 57201
294;994 William Gardens Apt. 473  North Devon  NJ 80771
295;4986 Jacobson Ford Suite 266  North Jenniferhaven  FM 69766
296;083 Price Crescent  Garciaport  DC 12225
297;6199 Michael Spur  Joannshire  OR 19150
298;23315 Hall Viaduct Apt. 323  South Robert  OK 57201
299;44979 Casey Views Suite 609  Harperton  NV 18623
300;2326 Martinez Avenue  West Denise  RI 82790
301;59943 Salazar Trace  New Ericaville  FM 87586
302;44979 Casey Views Suite 609  Harperton  NV 18623
303;2326 Martinez Avenue  West Denise  RI 82790
304;59943 Salazar Trace  New Ericaville  FM 87586
305;PSC 4597  Box 3246  APO AP 56782
306;52126 Annette Park  Heatherborough  OH 79402
307;026 Deborah Brook Apt. 084  East Kimberly  TX 65153
308;894 Erin Lakes  Johnnystad  SC 37726
309;PSC 4597  Box 3246  APO AP 56782
310;52126 Annette Park  Heatherborough  OH 79402
311;026 Deborah Brook Apt. 084  East Kimberly  TX 65153
312;894 Erin Lakes  Johnnystad  SC 37726
313;497 Charles Ramp Suite 449  Angelaside  IN 07805
314;19508 Sierra Point  Jennifermouth  KS 88877
315;74516 Julian Lakes  Kellerton  CA 48725
316;02656 Hansen Crescent Suite 191  Port Rebecca  WY 54868
317;497 Charles Ramp Suite 449  Angelaside  IN 07805
318;19508 Sierra Point  Jennifermouth  KS 88877
319;74516 Julian Lakes  Kellerton  CA 48725
320;02656 Hansen Crescent Suite 191  Port Rebecca  WY 54868
321;6364 Anthony Heights Apt. 071  Lake Shane  DC 88576
322;392 Daniel Park Suite 849  West Paula  OR 20800
323;44040 Ann Tunnel Apt. 323  Myersport  AR 32960
324;6364 Anthony Heights Apt. 071  Lake Shane  DC 88576
325;392 Daniel Park Suite 849  West Paula  OR 20800
326;44040 Ann Tunnel Apt. 323  Myersport  AR 32960
327;446 Matthew Orchard  Bradland  MD 50786
328;5877 Robin Gateway Apt. 227  West Troy  MD 94320
329;3690 Jonathan Course  Davidsonmouth  ND 24554
330;9719 Harris Prairie  Lake Carla  WV 66901
331;446 Matthew Orchard  Bradland  MD 50786
332;5877 Robin Gateway Apt. 227  West Troy  MD 94320
333;3690 Jonathan Course  Davidsonmouth  ND 24554
334;9719 Harris Prairie  Lake Carla  WV 66901
335;633 Powell Parkways  Sarahmouth  CO 22742
336;001 Smith Mill Apt. 174  Kellyside  WA 97967
337;49833 Erika Passage Apt. 003  Lopezland  ID 76686
338;633 Powell Parkways  Sarahmouth  CO 22742
339;001 Smith Mill Apt. 174  Kellyside  WA 97967
340;49833 Erika Passage Apt. 003  Lopezland  ID 76686
341;28430 Aaron Stream Suite 564  Stevenstad  RI 28670
342;9559 Paul Court  Port Melissaview  WI 80851
343;0643 Wood Drive  Hunterburgh  ID 78791
344;28430 Aaron Stream Suite 564  Stevenstad  RI 28670
345;9559 Paul Court  Port Melissaview  WI 80851
346;0643 Wood Drive  Hunterburgh  ID 78791
347;74344 Ramsey Crest  East Michelle  ND 68512
348;762 Daniel Valley Suite 881  West James  MS 58307
349;60544 Schroeder Spurs Apt. 652  South Preston  FM 34986
350;13263 Scott Island Apt. 283  Annahaven  FM 95508
351;9404 Osborne Locks Apt. 955  Williamsfurt  WV 01278
352;USCGC Michael  FPO AA 48475
353;858 Thomas Manor  Burtonhaven  CO 26277
354;728 Sabrina Pass Suite 970  Larrystad  CT 73764
355;9204 Wendy Dam Suite 655  Larabury  MT 71354
356;74344 Ramsey Crest  East Michelle  ND 68512
357;762 Daniel Valley Suite 881  West James  MS 58307
358;60544 Schroeder Spurs Apt. 652  South Preston  FM 34986
359;13263 Scott Island Apt. 283  Annahaven  FM 95508
360;9404 Osborne Locks Apt. 955  Williamsfurt  WV 01278
361;USCGC Michael  FPO AA 48475
362;858 Thomas Manor  Burtonhaven  CO 26277
363;728 Sabrina Pass Suite 970  Larrystad  CT 73764
364;9204 Wendy Dam Suite 655  Larabury  MT 71354
365;50637 Brooks Drives Suite 454  Lake Jasonview  AR 73663
366;050 Bell River Suite 991  Kevinshire  AR 84054
367;244 Fritz Station Apt. 846  North Amanda  UT 55269
368;7125 Clark Circle Apt. 639  New John  ND 02151
369;50637 Brooks Drives Suite 454  Lake Jasonview  AR 73663
370;050 Bell River Suite 991  Kevinshire  AR 84054
371;244 Fritz Station Apt. 846  North Amanda  UT 55269
372;7125 Clark Circle Apt. 639  New John  ND 02151
373;45695 Cortez Route Apt. 786  Porterview  MA 70362
374;5525 Lisa Creek  Christianhaven  AK 92923
375;6990 Lopez Points  Phillipborough  UT 63236
376;9734 Douglas Branch  Port Sabrina  UT 55356
377;45695 Cortez Route Apt. 786  Porterview  MA 70362
378;5525 Lisa Creek  Christianhaven  AK 92923
379;6990 Lopez Points  Phillipborough  UT 63236
380;9734 Douglas Branch  Port Sabrina  UT 55356
381;PSC 9757  Box 6911  APO AE 88098
382;PSC 9757  Box 6911  APO AE 88098
383;5113 Michael Parkways Apt. 683  Smithborough  MI 94569
384;5113 Michael Parkways Apt. 683  Smithborough  MI 94569
385;785 Shaun Road  Gambleborough  LA 25007
386;111 Jason Fields  Rodriguezville  CA 30417
387;785 Shaun Road  Gambleborough  LA 25007
388;111 Jason Fields  Rodriguezville  CA 30417
389;6606 Samantha Causeway  North Jameschester  IA 89475
390;7368 Thomas Streets Apt. 525  Barrfurt  AS 29122
391;8964 Ashley Stravenue Apt. 425  New Erica  NM 00787
392;8384 Katherine Common  West Henry  TN 65169
393;9634 Christopher Ways  West Allenstad  MD 23593
394;405 Jones Green  Jonesview  SC 18001
395;16551 Rios Ports Apt. 807  Taraberg  UT 99802
396;16964 Robertson Locks  Hendersonview  UT 93926
397;6606 Samantha Causeway  North Jameschester  IA 89475
398;7368 Thomas Streets Apt. 525  Barrfurt  AS 29122
399;8964 Ashley Stravenue Apt. 425  New Erica  NM 00787
400;8384 Katherine Common  West Henry  TN 65169
401;9634 Christopher Ways  West Allenstad  MD 23593
402;405 Jones Green  Jonesview  SC 18001
403;16551 Rios Ports Apt. 807  Taraberg  UT 99802
404;16964 Robertson Locks  Hendersonview  UT 93926
405;521 Alexander Canyon Suite 026  West Pamela  MI 84470
406;922 Nicholas Views Suite 988  Lake Tiffanyport  MD 69453
407;23616 Kathryn Turnpike  Jacksonshire  FL 59628
408;521 Alexander Canyon Suite 026  West Pamela  MI 84470
409;922 Nicholas Views Suite 988  Lake Tiffanyport  MD 69453
410;23616 Kathryn Turnpike  Jacksonshire  FL 59628
411;1204 Alexander Crest  Lake Michaelfurt  GA 37158
412;USCGC Rogers  FPO AE 97112
413;1483 Alex Way  East Kelly  MD 10316
414;Unit 6146 Box 4728  DPO AP 93279
415;1204 Alexander Crest  Lake Michaelfurt  GA 37158
416;USCGC Rogers  FPO AE 97112
417;1483 Alex Way  East Kelly  MD 10316
418;Unit 6146 Box 4728  DPO AP 93279
419;16814 Andre Stravenue  Josemouth  MN 76411
420;16814 Andre Stravenue  Josemouth  MN 76411
421;8193 Adam Circle Suite 082  North Jacqueline  NM 19841
422;01632 Lynch Radial  West Michelle  FM 40414
423;PSC 5503  Box 4944  APO AE 68712
424;8193 Adam Circle Suite 082  North Jacqueline  NM 19841
425;01632 Lynch Radial  West Michelle  FM 40414
426;PSC 5503  Box 4944  APO AE 68712
427;559 Morris Stravenue Suite 341  Wendymouth  TN 91409
428;USS Ochoa  FPO AE 18241
429;4944 Robertson Estates Apt. 681  Vincentside  NE 94189
430;559 Morris Stravenue Suite 341  Wendymouth  TN 91409
431;USS Ochoa  FPO AE 18241
432;4944 Robertson Estates Apt. 681  Vincentside  NE 94189
433;9576 Dana Burgs Suite 464  Port Vanessatown  MT 66440
434;8427 Joseph Views Apt. 106  East Jamesborough  OK 77094
435;8895 Smith Greens  Longchester  AK 29195
436;7236 Wagner Inlet Apt. 032  East Anthony  ME 48343
437;0937 Daniel Flat Suite 579  New Tyler  KY 40766
438;9576 Dana Burgs Suite 464  Port Vanessatown  MT 66440
439;8427 Joseph Views Apt. 106  East Jamesborough  OK 77094
440;8895 Smith Greens  Longchester  AK 29195
441;7236 Wagner Inlet Apt. 032  East Anthony  ME 48343
442;0937 Daniel Flat Suite 579  New Tyler  KY 40766
443;50081 James Junction Suite 879  Ramosbury  TX 06502
444;USNS Munoz  FPO AP 40576
445;09531 Evans Island  East Kristina  DE 42880
446;PSC 2975  Box 6382  APO AP 77209
447;269 Dyer Parkways  Johnstonview  OH 19911
448;3240 Mclaughlin Mountains Apt. 644  Port Joseph  MD 89685
449;50081 James Junction Suite 879  Ramosbury  TX 06502
450;USNS Munoz  FPO AP 40576
451;09531 Evans Island  East Kristina  DE 42880
452;PSC 2975  Box 6382  APO AP 77209
453;269 Dyer Parkways  Johnstonview  OH 19911
454;3240 Mclaughlin Mountains Apt. 644  Port Joseph  MD 89685
455;85598 Randall Harbors Apt. 620  Port Joelshire  ID 58174
456;52622 Clark Causeway Suite 029  Brentstad  OK 28683
457;18391 Garcia Highway Suite 580  South Justinport  IA 17687
458;8709 Gonzales Stream  North Steven  NC 35247
459;4101 Conrad Key Suite 746  Debbieberg  IL 79443
460;97982 Joanna Underpass Suite 648  East Patrickshire  CO 72353
461;56095 Nicholas Unions Suite 213  Haleymouth  SC 59836
462;85598 Randall Harbors Apt. 620  Port Joelshire  ID 58174
463;52622 Clark Causeway Suite 029  Brentstad  OK 28683
464;18391 Garcia Highway Suite 580  South Justinport  IA 17687
465;8709 Gonzales Stream  North Steven  NC 35247
466;4101 Conrad Key Suite 746  Debbieberg  IL 79443
467;97982 Joanna Underpass Suite 648  East Patrickshire  CO 72353
468;56095 Nicholas Unions Suite 213  Haleymouth  SC 59836
469;1990 Lewis Ferry  North Deborahborough  NM 54501
470;34451 Susan Pine Suite 318  Boylebury  SC 21007
471;1990 Lewis Ferry  North Deborahborough  NM 54501
472;34451 Susan Pine Suite 318  Boylebury  SC 21007
473;843 Douglas Lights Apt. 017  Maldonadostad  AK 38271
474;342 Katherine Row Suite 386  Monicachester  AK 39364
475;860 Kenneth Courts  Stacieberg  WA 31240
476;6303 Melton Junctions Apt. 967  Maryhaven  PW 53315
477;843 Douglas Lights Apt. 017  Maldonadostad  AK 38271
478;342 Katherine Row Suite 386  Monicachester  AK 39364
479;860 Kenneth Courts  Stacieberg  WA 31240
480;6303 Melton Junctions Apt. 967  Maryhaven  PW 53315
481;4983 Robinson Fork  Mcbrideville  NM 96000
482;2956 Stokes Views Apt. 042  South Holly  OR 52709
483;8193 Bowen Ferry  Reedfurt  WA 94480
484;253 Brown Junctions  North Pamelachester  AK 47086
485;42822 Sherman Creek Suite 737  Port Michaelland  AS 79898
486;4983 Robinson Fork  Mcbrideville  NM 96000
487;2956 Stokes Views Apt. 042  South Holly  OR 52709
488;8193 Bowen Ferry  Reedfurt  WA 94480
489;253 Brown Junctions  North Pamelachester  AK 47086
490;42822 Sherman Creek Suite 737  Port Michaelland  AS 79898
491;645 Kristina Forge  Jamesfurt  AL 41012
492;78558 Wood Land  Kristinton  IL 31479
493;7495 Daniel Expressway Apt. 285  Jennifermouth  MP 00926
494;645 Kristina Forge  Jamesfurt  AL 41012
495;78558 Wood Land  Kristinton  IL 31479
496;7495 Daniel Expressway Apt. 285  Jennifermouth  MP 00926
497;94507 Jerry Squares Suite 962  Dukemouth  AR 06517
498;PSC 9886  Box 2639  APO AP 12960
499;84647 Rios Isle Apt. 761  North Jefftown  LA 73996
500;94507 Jerry Squares Suite 962  Dukemouth  AR 06517
501;PSC 9886  Box 2639  APO AP 12960
502;84647 Rios Isle Apt. 761  North Jefftown  LA 73996
503;21971 Rogers Path Suite 855  Jessicashire  IA 38171
504;8476 Natasha Station  South Christy  WI 59750
505;7211 Sosa Rapid  South Heatherfort  IN 78026
506;0423 Johnson Ports Suite 248  Christopherside  HI 39222
507;PSC 8692  Box 5875  APO AP 93895
508;21971 Rogers Path Suite 855  Jessicashire  IA 38171
509;8476 Natasha Station  South Christy  WI 59750
510;7211 Sosa Rapid  South Heatherfort  IN 78026
511;0423 Johnson Ports Suite 248  Christopherside  HI 39222
512;PSC 8692  Box 5875  APO AP 93895
513;3660 Richard Creek Suite 468  Millershire  GU 47495
514;Unit 7552 Box 4265  DPO AP 37113
515;3660 Richard Creek Suite 468  Millershire  GU 47495
516;Unit 7552 Box 4265  DPO AP 37113
517;87676 Deborah Estate  Austinside  VT 58591
518;8532 King Green Suite 363  Lake Melanie  MI 44778
519;1025 Dwayne Pine  South Ryanstad  DC 24240
520;998 Alicia Walks  North Kevin  DE 59263
521;87676 Deborah Estate  Austinside  VT 58591
522;8532 King Green Suite 363  Lake Melanie  MI 44778
523;1025 Dwayne Pine  South Ryanstad  DC 24240
524;998 Alicia Walks  North Kevin  DE 59263
525;560 Courtney Manor Apt. 875  South Kimberly  WY 83581
526;7095 Caleb Mountains  Virginiaburgh  FL 11239
527;2474 Wilkinson Trafficway Suite 810  South Louis  VI 83959
528;079 Sarah Glen  North Laurie  PW 52437
529;363 Casey Junction Apt. 137  Amandafurt  IA 04520
530;676 Jimenez Landing Apt. 041  Lake Kathy  MP 42946
531;60920 Laura Mount  Deanport  HI 62136
532;560 Courtney Manor Apt. 875  South Kimberly  WY 83581
533;7095 Caleb Mountains  Virginiaburgh  FL 11239
534;2474 Wilkinson Trafficway Suite 810  South Louis  VI 83959
535;079 Sarah Glen  North Laurie  PW 52437
536;363 Casey Junction Apt. 137  Amandafurt  IA 04520
537;676 Jimenez Landing Apt. 041  Lake Kathy  MP 42946
538;60920 Laura Mount  Deanport  HI 62136
539;104 Bailey Ridges Apt. 608  East Amber  PW 31464
540;391 Cummings Unions Apt. 031  Reginaldfurt  IL 57561
541;370 Michael Point Apt. 211  Arnoldland  PW 93613
542;913 Welch Lodge Apt. 729  Nancyshire  WY 09998
543;PSC 2320  Box 9168  APO AE 31272
544;104 Bailey Ridges Apt. 608  East Amber  PW 31464
545;391 Cummings Unions Apt. 031  Reginaldfurt  IL 57561
546;370 Michael Point Apt. 211  Arnoldland  PW 93613
547;913 Welch Lodge Apt. 729  Nancyshire  WY 09998
548;PSC 2320  Box 9168  APO AE 31272
549;31366 Lisa Walk Apt. 462  West Jeremyfurt  MD 21827
550;5854 Nicole Loaf  Tylershire  CO 44581
551;USNS Hall  FPO AP 60696
552;31366 Lisa Walk Apt. 462  West Jeremyfurt  MD 21827
553;5854 Nicole Loaf  Tylershire  CO 44581
554;USNS Hall  FPO AP 60696
555;6316 Dickson Overpass  Stefanieside  PA 95743
556;01702 Megan Lakes Suite 971  South Gregory  NM 46243
557;91841 Hernandez Drive Suite 477  North Chelseyside  VI 55337
558;55882 Mccoy Village  Middletonberg  HI 72561
559;6316 Dickson Overpass  Stefanieside  PA 95743
560;01702 Megan Lakes Suite 971  South Gregory  NM 46243
561;91841 Hernandez Drive Suite 477  North Chelseyside  VI 55337
562;55882 Mccoy Village  Middletonberg  HI 72561
563;00954 Mario Land Suite 263  Jessicaborough  AL 83179
564;42898 Carrie Lodge  Pamelaborough  OR 41256
565;50264 Donald Isle Suite 293  Millerfort  CT 38223
566;00954 Mario Land Suite 263  Jessicaborough  AL 83179
567;42898 Carrie Lodge  Pamelaborough  OR 41256
568;50264 Donald Isle Suite 293  Millerfort  CT 38223
569;5589 Lisa Fords Apt. 792  Petersside  NV 11942
570;05532 Erin Unions  Port Danielbury  RI 70293
571;662 Turner Garden Suite 631  Patrickville  DE 72236
572;5589 Lisa Fords Apt. 792  Petersside  NV 11942
573;05532 Erin Unions  Port Danielbury  RI 70293
574;662 Turner Garden Suite 631  Patrickville  DE 72236
575;84980 Jason Prairie  South Roy  MN 56169
576;1772 Williamson Bridge Apt. 298  Christinechester  AZ 50439
577;38384 Dennis Heights Apt. 575  North Natalie  AL 09126
578;PSC 6723  Box 7550  APO AP 63315
579;84980 Jason Prairie  South Roy  MN 56169
580;1772 Williamson Bridge Apt. 298  Christinechester  AZ 50439
581;38384 Dennis Heights Apt. 575  North Natalie  AL 09126
582;PSC 6723  Box 7550  APO AP 63315
583;0271 Katherine Via Apt. 159  Tuckerfurt  SD 40137
584;5250 Moss Pine  South Pamelaview  CA 37966
585;124 Camacho Lock  Waltersview  GA 58711
586;0271 Katherine Via Apt. 159  Tuckerfurt  SD 40137
587;5250 Moss Pine  South Pamelaview  CA 37966
588;124 Camacho Lock  Waltersview  GA 58711
589;6310 Francis Port  Alexandraside  VI 60631
590;5162 Johnson Burgs  South Benjaminborough  ME 65050
591;52359 Patel Cliff Apt. 732  Nicolehaven  MH 63859
592;670 Ronald Dam Apt. 925  Michaelborough  WY 30451
593;6310 Francis Port  Alexandraside  VI 60631
594;5162 Johnson Burgs  South Benjaminborough  ME 65050
595;52359 Patel Cliff Apt. 732  Nicolehaven  MH 63859
596;670 Ronald Dam Apt. 925  Michaelborough  WY 30451
597;57264 Edward Knolls Suite 711  South Dennisfort  CA 82208
598;3752 Diaz Ridge Suite 453  Lake Nicole  WA 99778
599;57264 Edward Knolls Suite 711  South Dennisfort  CA 82208
600;3752 Diaz Ridge Suite 453  Lake Nicole  WA 99778
601;99324 Bruce Mountains  Galvanhaven  KY 46824
602;99324 Bruce Mountains  Galvanhaven  KY 46824
603;PSC 7875  Box 3087  APO AE 07620
604;743 Daniel Ridges  Brentburgh  CO 24466
605;PSC 7875  Box 3087  APO AE 07620
606;743 Daniel Ridges  Brentburgh  CO 24466
607;20856 Moore Forest  South Lisa  CA 34375
608;5292 Patrick Centers Suite 550  Morganshire  LA 47737
609;20856 Moore Forest  South Lisa  CA 34375
610;5292 Patrick Centers Suite 550  Morganshire  LA 47737
611;6890 Elizabeth Forest Apt. 774  North Sarahchester  NM 10003
612;60413 Brown Trace Suite 454  Allenshire  AS 07049
613;99052 Scott Inlet Suite 351  South Samuelside  CO 70701
614;219 Robert Summit Apt. 784  East Maria  CA 27417
615;74391 Villarreal Land Suite 272  Camachoshire  VT 07209
616;6890 Elizabeth Forest Apt. 774  North Sarahchester  NM 10003
617;60413 Brown Trace Suite 454  Allenshire  AS 07049
618;99052 Scott Inlet Suite 351  South Samuelside  CO 70701
619;219 Robert Summit Apt. 784  East Maria  CA 27417
620;74391 Villarreal Land Suite 272  Camachoshire  VT 07209
621;7651 David Streets  West Amyburgh  GU 17093
622;2698 Lee Trace Suite 319  Port Kimberly  NE 66503
623;07536 Justin River  Catherineborough  AK 71920
624;5806 Adams Manor Suite 176  Tommyview  NC 96144
625;7651 David Streets  West Amyburgh  GU 17093
626;2698 Lee Trace Suite 319  Port Kimberly  NE 66503
627;07536 Justin River  Catherineborough  AK 71920
628;5806 Adams Manor Suite 176  Tommyview  NC 96144
629;70506 Weber Falls Suite 932  West Susan  NY 45722
630;PSC 9942  Box 6454  APO AE 33188
631;70506 Weber Falls Suite 932  West Susan  NY 45722
632;PSC 9942  Box 6454  APO AE 33188
633;868 Wilson Gateway  Port Susanmouth  IN 81725
634;868 Wilson Gateway  Port Susanmouth  IN 81725
635;5060 James Mountains  Norrisstad  GA 75224
636;5060 James Mountains  Norrisstad  GA 75224
637;60896 Clark Manors Suite 006  Palmerville  SC 98326
638;1418 Nelson Creek Apt. 742  Hobbsview  MT 08360
639;887 Nguyen Underpass  Lake David  IA 72049
640;901 Heather Parkway Apt. 419  Crystalmouth  MA 14674
641;60896 Clark Manors Suite 006  Palmerville  SC 98326
642;1418 Nelson Creek Apt. 742  Hobbsview  MT 08360
643;887 Nguyen Underpass  Lake David  IA 72049
644;901 Heather Parkway Apt. 419  Crystalmouth  MA 14674
645;USNV Hinton  FPO AA 00809
646;4255 Lisa Pine Apt. 554  Blakechester  RI 16350
647;USNV Hinton  FPO AA 00809
648;4255 Lisa Pine Apt. 554  Blakechester  RI 16350
649;17681 Jimenez Route Suite 075  East Robertberg  NJ 40047
650;25021 Davis Harbor Suite 157  North Davidport  VT 59756
651;035 Morgan Lodge Suite 403  Matthewsburgh  TN 62679
652;17681 Jimenez Route Suite 075  East Robertberg  NJ 40047
653;25021 Davis Harbor Suite 157  North Davidport  VT 59756
654;035 Morgan Lodge Suite 403  Matthewsburgh  TN 62679
655;PSC 0564  Box 2865  APO AE 74878
656;93924 Myers Drive  Port Richard  NM 81760
657;1600 Klein Mount  Thomasshire  WV 88303
658;PSC 0564  Box 2865  APO AE 74878
659;93924 Myers Drive  Port Richard  NM 81760
660;1600 Klein Mount  Thomasshire  WV 88303
661;90204 Roger Islands  Lake William  NH 08388
662;91412 Gomez Mews  East Meaganside  MH 91846
663;91080 Summer Fall  South Jacqueline  FL 85996
664;15918 Barrera Cove  Colemanstad  WY 29657
665;90204 Roger Islands  Lake William  NH 08388
666;91412 Gomez Mews  East Meaganside  MH 91846
667;91080 Summer Fall  South Jacqueline  FL 85996
668;15918 Barrera Cove  Colemanstad  WY 29657
669;914 Moore Via  East Christopher  AZ 20283
670;845 Craig Brook Suite 983  Wolfborough  DE 27728
671;6498 Sabrina Spur  Hansentown  TX 25128
672;914 Moore Via  East Christopher  AZ 20283
673;845 Craig Brook Suite 983  Wolfborough  DE 27728
674;6498 Sabrina Spur  Hansentown  TX 25128
675;92339 John Ridge Apt. 245  Bakerstad  UT 36573
676;3574 Campbell Throughway Suite 880  Port Kennethfurt  DE 30652
677;213 David Forest Suite 735  Mckinneymouth  WI 03386
678;5439 Green Rest  East Tracy  NJ 75759
679;484 Haas Extension  Lynnbury  KS 90745
680;92339 John Ridge Apt. 245  Bakerstad  UT 36573
681;3574 Campbell Throughway Suite 880  Port Kennethfurt  DE 30652
682;213 David Forest Suite 735  Mckinneymouth  WI 03386
683;5439 Green Rest  East Tracy  NJ 75759
684;484 Haas Extension  Lynnbury  KS 90745
685;109 Quinn Ridges Suite 429  Port Roger  VT 80583
686;3172 Carla Springs Suite 883  East Shawnview  RI 86716
687;71202 Stewart Port Apt. 360  South Donnaport  OH 45677
688;109 Quinn Ridges Suite 429  Port Roger  VT 80583
689;3172 Carla Springs Suite 883  East Shawnview  RI 86716
690;71202 Stewart Port Apt. 360  South Donnaport  OH 45677
691;4039 David Fords Apt. 678  Lake Christopherberg  PA 42384
692;USS Tran  FPO AA 01558
693;10271 Jessica Bypass  Georgeshire  WI 34216
694;1420 Anderson Squares Apt. 545  Murraytown  NJ 78653
695;4039 David Fords Apt. 678  Lake Christopherberg  PA 42384
696;USS Tran  FPO AA 01558
697;10271 Jessica Bypass  Georgeshire  WI 34216
698;1420 Anderson Squares Apt. 545  Murraytown  NJ 78653
699;962 Stephanie Gateway  Rodriguezstad  KS 94703
700;Unit 4147 Box 8124  DPO AE 04063
701;898 Payne Rest Suite 709  Smithfurt  VA 06811
702;01659 Bell Mountains  South Tanya  PA 90424
703;962 Stephanie Gateway  Rodriguezstad  KS 94703
704;Unit 4147 Box 8124  DPO AE 04063
705;898 Payne Rest Suite 709  Smithfurt  VA 06811
706;01659 Bell Mountains  South Tanya  PA 90424
707;650 Adam Circles Suite 580  New Deborah  AL 73577
708;62282 Warren Mill Suite 966  North Samantha  PA 71670
709;9236 Jennifer Wells  East Roger  IA 33554
710;650 Adam Circles Suite 580  New Deborah  AL 73577
711;62282 Warren Mill Suite 966  North Samantha  PA 71670
712;9236 Jennifer Wells  East Roger  IA 33554
713;95949 Jill Circle  Tuckerchester  VI 49522
714;Unit 8217 Box 3162  DPO AE 22822
715;1442 Patricia Rapids Apt. 378  Martinstad  RI 21605
716;35557 Corey Circle  Ramirezfort  VI 21580
717;95949 Jill Circle  Tuckerchester  VI 49522
718;Unit 8217 Box 3162  DPO AE 22822
719;1442 Patricia Rapids Apt. 378  Martinstad  RI 21605
720;35557 Corey Circle  Ramirezfort  VI 21580
721;981 Thomas Track  Banksville  OR 98862
722;USNV Martin  FPO AE 02369
723;221 Warren Isle Apt. 689  South Brent  MS 87656
724;781 Christopher View Apt. 019  Michaeltown  PW 86433
725;981 Thomas Track  Banksville  OR 98862
726;USNV Martin  FPO AE 02369
727;221 Warren Isle Apt. 689  South Brent  MS 87656
728;781 Christopher View Apt. 019  Michaeltown  PW 86433
729;946 Small Estate  Parkerview  SC 99024
730;0751 Timothy Corners Suite 206  Lake Jason  HI 22376
731;65344 Karen Walks Apt. 304  New Jeffrey  PW 39161
732;389 Nguyen Rest Suite 238  East Victor  MA 88382
733;USCGC Bernard  FPO AA 67040
734;62479 Zachary Mills  Port Mackenziemouth  AL 44023
735;04502 Powers Run Suite 111  Cainton  MA 81410
736;946 Small Estate  Parkerview  SC 99024
737;0751 Timothy Corners Suite 206  Lake Jason  HI 22376
738;65344 Karen Walks Apt. 304  New Jeffrey  PW 39161
739;389 Nguyen Rest Suite 238  East Victor  MA 88382
740;USCGC Bernard  FPO AA 67040
741;62479 Zachary Mills  Port Mackenziemouth  AL 44023
742;04502 Powers Run Suite 111  Cainton  MA 81410
743;25262 Freeman Knolls Apt. 708  East Ronald  IN 15721
744;129 Susan Freeway Apt. 521  Cruzstad  SD 07203
745;25262 Freeman Knolls Apt. 708  East Ronald  IN 15721
746;129 Susan Freeway Apt. 521  Cruzstad  SD 07203
747;30158 Krueger Fields  Lake Kathryn  NV 02831
748;94009 Mann Skyway Suite 748  Jeanettebury  WI 22691
749;37659 House Track Suite 675  New Valeriechester  LA 55349
750;30158 Krueger Fields  Lake Kathryn  NV 02831
751;94009 Mann Skyway Suite 748  Jeanettebury  WI 22691
752;37659 House Track Suite 675  New Valeriechester  LA 55349
753;293 Hernandez Garden Apt. 720  Skinnerhaven  WV 55470
754;293 Hernandez Garden Apt. 720  Skinnerhaven  WV 55470
755;355 Hayes Square Suite 846  South Josephside  NY 45006
756;USNV Ford  FPO AE 69810
757;400 Kelly Square Apt. 386  New Christinabury  FL 15036
758;6205 Robinson Stream  Popeborough  MS 77572
759;355 Hayes Square Suite 846  South Josephside  NY 45006
760;USNV Ford  FPO AE 69810
761;400 Kelly Square Apt. 386  New Christinabury  FL 15036
762;6205 Robinson Stream  Popeborough  MS 77572
763;PSC 2127  Box 9467  APO AE 52957
764;99841 Woods Vista  Lake Donnaview  MS 04979
765;PSC 2127  Box 9467  APO AE 52957
766;99841 Woods Vista  Lake Donnaview  MS 04979
767;75494 Smith Court Apt. 365  Pittschester  ND 97611
768;150 Darrell Views Apt. 448  Guzmanhaven  FL 37099
769;555 Smith Plaza Apt. 720  New Michaelhaven  TN 81067
770;80155 Ryan Crest  Thomasmouth  PR 58797
771;75494 Smith Court Apt. 365  Pittschester  ND 97611
772;150 Darrell Views Apt. 448  Guzmanhaven  FL 37099
773;555 Smith Plaza Apt. 720  New Michaelhaven  TN 81067
774;80155 Ryan Crest  Thomasmouth  PR 58797
775;18193 Kelly Ways  East Robert  AR 19000
776;74825 Hayes Shore Apt. 789  Lake Susan  DE 14929
777;Unit 6130 Box 5816  DPO AP 73117
778;PSC 5753  Box 4817  APO AE 56142
779;320 Angela Forges Suite 943  Russelltown  MA 49320
780;98864 Vargas Lock  Oliviabury  DE 10220
781;18193 Kelly Ways  East Robert  AR 19000
782;74825 Hayes Shore Apt. 789  Lake Susan  DE 14929
783;Unit 6130 Box 5816  DPO AP 73117
784;PSC 5753  Box 4817  APO AE 56142
785;320 Angela Forges Suite 943  Russelltown  MA 49320
786;98864 Vargas Lock  Oliviabury  DE 10220
787;4012 Humphrey Drive  South Darren  SD 79785
788;4885 Serrano Point  Autumnfurt  MA 63448
789;069 Andrew Orchard  Lake Jasmineborough  GU 56170
790;073 Franklin Heights  West Royland  MI 96514
791;44796 Benjamin Crescent  Randallland  AK 47276
792;4012 Humphrey Drive  South Darren  SD 79785
793;4885 Serrano Point  Autumnfurt  MA 63448
794;069 Andrew Orchard  Lake Jasmineborough  GU 56170
795;073 Franklin Heights  West Royland  MI 96514
796;44796 Benjamin Crescent  Randallland  AK 47276
797;Unit 5340 Box 6892  DPO AA 65141
798;5327 Dalton Vista  Princebury  MP 18022
799;9697 Donald Prairie  West Brett  OK 04276
800;93816 Charles Views Apt. 511  South Christine  MD 79641
801;802 Thompson Mill  Michaelbury  MD 29069
802;54763 John Locks Apt. 671  Robertbury  TN 63818
803;Unit 5340 Box 6892  DPO AA 65141
804;5327 Dalton Vista  Princebury  MP 18022
805;9697 Donald Prairie  West Brett  OK 04276
806;93816 Charles Views Apt. 511  South Christine  MD 79641
807;802 Thompson Mill  Michaelbury  MD 29069
808;54763 John Locks Apt. 671  Robertbury  TN 63818
809;8765 Joshua Burg Apt. 764  Lake Stevenmouth  PA 03845
810;0713 Jeremy Dam Apt. 872  Port Bryanfurt  NJ 29317
811;8765 Joshua Burg Apt. 764  Lake Stevenmouth  PA 03845
812;0713 Jeremy Dam Apt. 872  Port Bryanfurt  NJ 29317
813;4478 Allison Pine  Ellenstad  NV 35691
814;42745 Andrew Corners  Davidville  TX 64401
815;5026 Grant Shoals Apt. 091  New Natalie  GA 25198
816;4478 Allison Pine  Ellenstad  NV 35691
817;42745 Andrew Corners  Davidville  TX 64401
818;5026 Grant Shoals Apt. 091  New Natalie  GA 25198
819;8063 Stacy Valleys  East Jamesfort  VI 60244
820;8063 Stacy Valleys  East Jamesfort  VI 60244
821;8827 Jenkins Dam  South Sarahmouth  MP 89208
822;78920 Lopez Curve  Kennethberg  DE 64447
823;223 Green Burgs Apt. 641  New Brianburgh  KS 79229
824;503 Atkins Centers Suite 262  North Arthurstad  AR 86079
825;8827 Jenkins Dam  South Sarahmouth  MP 89208
826;78920 Lopez Curve  Kennethberg  DE 64447
827;223 Green Burgs Apt. 641  New Brianburgh  KS 79229
828;503 Atkins Centers Suite 262  North Arthurstad  AR 86079
829;PSC 3464  Box 6892  APO AA 58277
830;6834 Murray Throughway  Cookborough  WV 86097
831;PSC 3464  Box 6892  APO AA 58277
832;6834 Murray Throughway  Cookborough  WV 86097
833;719 Tina Point  South Kenneth  SD 24193
834;87471 Sheila Bridge  East Jamie  ME 17330
835;807 Amanda Cove  Port Jeremiahview  SD 69008
836;942 Mcintyre Corners Apt. 591  West Cynthia  FL 21601
837;5004 Brandon Lane Suite 650  South Paul  AL 42501
838;495 Strong Terrace  South Danielshire  KY 14639
839;PSC 2286  Box 5469  APO AP 82607
840;719 Tina Point  South Kenneth  SD 24193
841;87471 Sheila Bridge  East Jamie  ME 17330
842;807 Amanda Cove  Port Jeremiahview  SD 69008
843;942 Mcintyre Corners Apt. 591  West Cynthia  FL 21601
844;5004 Brandon Lane Suite 650  South Paul  AL 42501
845;495 Strong Terrace  South Danielshire  KY 14639
846;PSC 2286  Box 5469  APO AP 82607
847;38253 Hoffman View  West Craig  MA 75698
848;8623 Booth Stravenue  Port Christopherhaven  AR 85980
849;626 Richard Villages Suite 691  Michaelside  MT 11801
850;778 Anderson Canyon  Raymondside  OK 43291
851;38253 Hoffman View  West Craig  MA 75698
852;8623 Booth Stravenue  Port Christopherhaven  AR 85980
853;626 Richard Villages Suite 691  Michaelside  MT 11801
854;778 Anderson Canyon  Raymondside  OK 43291
855;4789 Jensen Dale  East Hunter  UT 94647
856;8559 Hudson Highway  New Kevin  ME 58114
857;102 Jesse Courts Apt. 216  New Lisashire  VT 59978
858;185 Ryan Forges  Brandonburgh  DE 28609
859;4789 Jensen Dale  East Hunter  UT 94647
860;8559 Hudson Highway  New Kevin  ME 58114
861;102 Jesse Courts Apt. 216  New Lisashire  VT 59978
862;185 Ryan Forges  Brandonburgh  DE 28609
863;935 Sarah Neck Suite 585  New Justinton  NJ 45416
864;15656 Michael Junction  Maloneview  NY 32583
865;935 Sarah Neck Suite 585  New Justinton  NJ 45416
866;15656 Michael Junction  Maloneview  NY 32583
867;75874 Chad Mountain Suite 588  West Robertchester  VT 37485
868;579 Brown Burg  Kingfurt  HI 40336
869;4941 Clifford Ports Suite 603  Port Peter  AZ 72158
870;5313 Hunt Forks  Alexandraborough  MD 04594
871;Unit 9918 Box 5014  DPO AP 11646
872;8266 Khan Street Apt. 348  Stokesmouth  MT 20820
873;8482 Alexandra Light Apt. 163  Port Feliciamouth  GU 48402
874;034 Jonathan Plains Apt. 354  Loganborough  NJ 23847
875;518 Cynthia Curve  New Ashleymouth  RI 94419
876;119 Monica Spur Suite 207  New Lisa  KS 91471
877;2664 Kevin Circles Apt. 839  Sanchezmouth  PA 73451
878;82145 Kristin Squares  Port Kennethtown  NJ 71036
879;04223 Shelby Extension Suite 208  Ashleyfurt  NJ 24251
880;00231 Jamie Mews  South Karen  NM 28447
881;5553 Sharon Crossroad Apt. 368  East Barbaraside  AS 37658
882;704 Garcia Common  Hayesborough  PR 16248
883;4373 John Knolls  Alexisport  TN 11667
884;5370 Donna Field  Toddberg  MO 04544
885;7035 Mason Forge Apt. 604  South Karen  MN 36773
886;75874 Chad Mountain Suite 588  West Robertchester  VT 37485
887;579 Brown Burg  Kingfurt  HI 40336
888;4941 Clifford Ports Suite 603  Port Peter  AZ 72158
889;5313 Hunt Forks  Alexandraborough  MD 04594
890;Unit 9918 Box 5014  DPO AP 11646
891;8266 Khan Street Apt. 348  Stokesmouth  MT 20820
892;8482 Alexandra Light Apt. 163  Port Feliciamouth  GU 48402
893;034 Jonathan Plains Apt. 354  Loganborough  NJ 23847
894;518 Cynthia Curve  New Ashleymouth  RI 94419
895;119 Monica Spur Suite 207  New Lisa  KS 91471
896;2664 Kevin Circles Apt. 839  Sanchezmouth  PA 73451
897;82145 Kristin Squares  Port Kennethtown  NJ 71036
898;04223 Shelby Extension Suite 208  Ashleyfurt  NJ 24251
899;00231 Jamie Mews  South Karen  NM 28447
900;5553 Sharon Crossroad Apt. 368  East Barbaraside  AS 37658
901;704 Garcia Common  Hayesborough  PR 16248
902;4373 John Knolls  Alexisport  TN 11667
903;5370 Donna Field  Toddberg  MO 04544
904;7035 Mason Forge Apt. 604  South Karen  MN 36773
905;066 Price Estates Apt. 087  Parkertown  NV 57006
906;16303 Randall Point  North Cherylburgh  DE 30494
907;549 Allen Estates Apt. 012  Daviston  OH 88394
908;19062 Nicole Plaza  Charlesport  WI 02353
909;066 Price Estates Apt. 087  Parkertown  NV 57006
910;16303 Randall Point  North Cherylburgh  DE 30494
911;549 Allen Estates Apt. 012  Daviston  OH 88394
912;19062 Nicole Plaza  Charlesport  WI 02353
913;6846 Anthony Stravenue  South Zacharyborough  IN 27106
914;7622 Marissa Summit Apt. 507  East Stacyville  OR 28008
915;75000 Wilson Green  Coreymouth  LA 06218
916;138 Burch View  Port Rebeccaville  GA 97978
917;6846 Anthony Stravenue  South Zacharyborough  IN 27106
918;7622 Marissa Summit Apt. 507  East Stacyville  OR 28008
919;75000 Wilson Green  Coreymouth  LA 06218
920;138 Burch View  Port Rebeccaville  GA 97978
921;0201 Powers Field  Davidsonburgh  PR 85813
922;01226 Morales Shore Suite 537  South Travis  KS 69924
923;2193 John Shoals  Port Sandra  MO 13930
924;0201 Powers Field  Davidsonburgh  PR 85813
925;01226 Morales Shore Suite 537  South Travis  KS 69924
926;2193 John Shoals  Port Sandra  MO 13930
927;3725 Thomas Streets Suite 661  Michaelside  CT 12247
928;81564 Patrick Extensions  Bondberg  MD 05879
929;056 Green Pike  West Jenniferland  UT 46747
930;3240 Bryan Fork  Mataborough  HI 78637
931;845 Stephen Camp  Mariahland  WY 42346
932;57918 Scott Glen Suite 164  Millershire  FM 77277
933;3725 Thomas Streets Suite 661  Michaelside  CT 12247
934;81564 Patrick Extensions  Bondberg  MD 05879
935;056 Green Pike  West Jenniferland  UT 46747
936;3240 Bryan Fork  Mataborough  HI 78637
937;845 Stephen Camp  Mariahland  WY 42346
938;57918 Scott Glen Suite 164  Millershire  FM 77277
939;0735 David Grove  East Jillianport  ND 65844
940;786 Ewing Mills  Barberchester  MT 55968
941;8695 King Fort  Hernandezborough  WY 55315
942;8151 Kathleen Locks Apt. 688  Melissaburgh  MD 92104
943;3916 Bridget Camp  Bentonborough  MT 52139
944;0735 David Grove  East Jillianport  ND 65844
945;786 Ewing Mills  Barberchester  MT 55968
946;8695 King Fort  Hernandezborough  WY 55315
947;8151 Kathleen Locks Apt. 688  Melissaburgh  MD 92104
948;3916 Bridget Camp  Bentonborough  MT 52139
949;3789 Hayes Club  East Larry  UT 87227
950;1398 Rubio Locks  New Shelbybury  AL 56696
951;504 Kristi Crossing  South Annmouth  ME 15891
952;046 Roberto Trafficway Apt. 734  Staceyborough  VI 86994
953;2267 Stephanie Trafficway Apt. 007  New Robert  AK 73498
954;3789 Hayes Club  East Larry  UT 87227
955;1398 Rubio Locks  New Shelbybury  AL 56696
956;504 Kristi Crossing  South Annmouth  ME 15891
957;046 Roberto Trafficway Apt. 734  Staceyborough  VI 86994
958;2267 Stephanie Trafficway Apt. 007  New Robert  AK 73498
959;748 Mendez Ridges Apt. 994  Lake Jonathanton  PW 67869
960;84234 Whitney Loaf Suite 548  New Jimmyshire  MN 10010
961;536 Patton Valleys Apt. 201  Jonesstad  MN 07451
962;068 David Gateway  West Daniel  MP 11634
963;778 Jamie Crest  Bartonberg  NE 17575
964;14073 Wyatt Pines Suite 499  North Thomashaven  SC 90939
965;29649 Parker Isle Suite 123  West Kelliburgh  NY 19924
966;073 Marcus Lodge  Carlamouth  MN 25117
967;748 Mendez Ridges Apt. 994  Lake Jonathanton  PW 67869
968;84234 Whitney Loaf Suite 548  New Jimmyshire  MN 10010
969;536 Patton Valleys Apt. 201  Jonesstad  MN 07451
970;068 David Gateway  West Daniel  MP 11634
971;778 Jamie Crest  Bartonberg  NE 17575
972;14073 Wyatt Pines Suite 499  North Thomashaven  SC 90939
973;29649 Parker Isle Suite 123  West Kelliburgh  NY 19924
974;073 Marcus Lodge  Carlamouth  MN 25117
975;Unit 2040 Box 7332  DPO AA 37397
976;035 Kelly Mountain  Richardchester  RI 02088
977;Unit 2040 Box 7332  DPO AA 37397
978;035 Kelly Mountain  Richardchester  RI 02088
979;7532 Brittney Lane  Nataliebury  NJ 64960
980;USS Cervantes  FPO AP 85368
981;7532 Brittney Lane  Nataliebury  NJ 64960
982;USS Cervantes  FPO AP 85368
983;577 Randy Prairie Suite 749  Lake Alexandra  NE 80977
984;577 Randy Prairie Suite 749  Lake Alexandra  NE 80977
985;3186 Mckinney Skyway Apt. 776  Lake Brianberg  NE 97524
986;Unit 6761 Box 8975  DPO AA 61543
987;3186 Mckinney Skyway Apt. 776  Lake Brianberg  NE 97524
988;Unit 6761 Box 8975  DPO AA 61543
989;42125 Kevin Throughway Apt. 903  New Jennifer  NV 45169
990;221 Victor Villages Suite 045  Lake Mariahberg  WA 58074
991;9555 Thomas Course Suite 372  Ericstad  WV 74619
992;42125 Kevin Throughway Apt. 903  New Jennifer  NV 45169
993;221 Victor Villages Suite 045  Lake Mariahberg  WA 58074
994;9555 Thomas Course Suite 372  Ericstad  WV 74619
995;193 Lewis Avenue  West Dianaview  MI 64862
996;6260 Allison Loop  Alisonland  ND 53354
997;852 Charles Rue Apt. 598  East Philip  OR 66781
998;261 Amanda Ports Suite 920  Samanthaport  WI 63578
999;Unit 2928 Box 4461  DPO AP 94363
1000;7843 Sonia Haven  Port Jennifer  MI 43553
1001;193 Lewis Avenue  West Dianaview  MI 64862
1002;6260 Allison Loop  Alisonland  ND 53354
1003;852 Charles Rue Apt. 598  East Philip  OR 66781
1004;261 Amanda Ports Suite 920  Samanthaport  WI 63578
1005;Unit 2928 Box 4461  DPO AP 94363
1006;7843 Sonia Haven  Port Jennifer  MI 43553
1007;USS Torres  FPO AA 36390
1008;3475 Pamela Estate Apt. 953  Lake Jennifer  KY 92075
1009;13989 Snyder Square Suite 806  South Kimberlybury  IA 65083
1010;61023 Nielsen Station  North Donna  UT 72209
1011;USS Torres  FPO AA 36390
1012;3475 Pamela Estate Apt. 953  Lake Jennifer  KY 92075
1013;13989 Snyder Square Suite 806  South Kimberlybury  IA 65083
1014;61023 Nielsen Station  North Donna  UT 72209
1015;PSC 1003  Box 6587  APO AE 33096
1016;5584 Bonilla Extension Apt. 810  Luceroburgh  WA 78409
1017;00545 Harmon Curve Suite 398  Lake Diane  NY 34670
1018;PSC 1003  Box 6587  APO AE 33096
1019;5584 Bonilla Extension Apt. 810  Luceroburgh  WA 78409
1020;00545 Harmon Curve Suite 398  Lake Diane  NY 34670
1021;PSC 4797  Box 1755  APO AP 89199
1022;384 James Rapid Apt. 383  New Josephport  DC 70276
1023;849 Connie Summit Apt. 735  South Becky  MN 11030
1024;3995 Vazquez Coves Suite 427  New Samueltown  ND 42601
1025;PSC 4797  Box 1755  APO AP 89199
1026;384 James Rapid Apt. 383  New Josephport  DC 70276
1027;849 Connie Summit Apt. 735  South Becky  MN 11030
1028;3995 Vazquez Coves Suite 427  New Samueltown  ND 42601
1029;51198 Michael Ramp Suite 001  Lake Tonymouth  MS 36815
1030;51198 Michael Ramp Suite 001  Lake Tonymouth  MS 36815
1031;PSC 2062  Box 9755  APO AA 07663
1032;815 Johnson Route Suite 947  Haneyfurt  NC 25480
1033;PSC 2062  Box 9755  APO AA 07663
1034;815 Johnson Route Suite 947  Haneyfurt  NC 25480
1035;075 Harvey Loop  Taylorville  NC 44618
1036;3032 Dillon Prairie Suite 506  South Christopherside  VI 87253
1037;383 James Meadows  Amandaton  MH 23641
1038;497 Ryan Valley  Lake Ruth  MP 49632
1039;5411 Kristi Locks  Jennifertown  AZ 34678
1040;3093 Flores Junctions  Lesliemouth  AL 60240
1041;7337 Julie Lane  West Jennifer  PW 77245
1042;075 Harvey Loop  Taylorville  NC 44618
1043;3032 Dillon Prairie Suite 506  South Christopherside  VI 87253
1044;383 James Meadows  Amandaton  MH 23641
1045;497 Ryan Valley  Lake Ruth  MP 49632
1046;5411 Kristi Locks  Jennifertown  AZ 34678
1047;3093 Flores Junctions  Lesliemouth  AL 60240
1048;7337 Julie Lane  West Jennifer  PW 77245
1049;68954 Erica Flat  Davidberg  MI 47138
1050;28863 Richardson Isle  Ortegamouth  NC 87086
1051;68954 Erica Flat  Davidberg  MI 47138
1052;28863 Richardson Isle  Ortegamouth  NC 87086
