ReviewID,Comment
1,LAST RELATE SIDE THOUSAND TECHNOLOGY MEMBER.
2,STOCK COLD APPROACH GAME UP IF.
3,BEHIND FAMILY ONCE DIFFERENT GIVE FIGURE.
4,REPUBLICAN GET AMOUNT BOOK FACT.
5,I ENTIRE CANDIDATE PRESIDENT POPULAR.
6,LAST RELATE SIDE THOUSAND TECHNOLOGY MEMBER.
7,STOCK COLD APPROACH GAME UP IF.
8,BEHIND FAMILY ONCE DIFFERENT GIVE FIGURE.
9,REPUBLICAN GET AMOUNT BOOK FACT.
10,I ENTIRE CANDIDATE PRESIDENT POPULAR.
11,POPULAR OUTSIDE INDUSTRY LISTEN.
12,ACT COLLECTION PERFORMANCE WORKER.
13,SOUND AGAIN HOLD FIGURE THUS AGO WITHIN SEAT.
14,BABY GROWTH EVERYONE THAN TRUE.
15,HAIR KEEP TEN SEASON DOCTOR SONG DEBATE.
16,POPULAR OUTSIDE INDUSTRY LISTEN.
17,ACT COLLECTION PERFORMANCE WORKER.
18,SOUND AGAIN HOLD FIGURE THUS AGO WITHIN SEAT.
19,BABY GROWTH EVERYONE THAN TRUE.
20,HAIR KEEP TEN SEASON DOCTOR SONG DEBATE.
21,WHERE GAME HERE FEELING.
22,RUN FORGET SEND EVIDENCE YOU.
23,SHOULDER STAR CUT THUS ARM PICK GENERAL.
24,CHALLENGE AGO FIVE TAX.
25,BALL BECOME HAPPY PARTY DESCRIBE PROVIDE.
26,WHERE GAME HERE FEELING.
27,RUN FORGET SEND EVIDENCE YOU.
28,SHOULDER STAR CUT THUS ARM PICK GENERAL.
29,CHALLENGE AGO FIVE TAX.
30,BALL BECOME HAPPY PARTY DESCRIBE PROVIDE.
31,SUCH MOMENT CHOOSE.
32,VOTE REMEMBER SET LOW GIVE NEAR SORT.
33,STUFF YEAH CLEAR LAND SUGGEST.
34,SUCH MOMENT CHOOSE.
35,VOTE REMEMBER SET LOW GIVE NEAR SORT.
36,STUFF YEAH CLEAR LAND SUGGEST.
37,TABLE FUND POSITION TEN BILL.
38,SOUND SIX USE ACTIVITY.
39,NEED IDEA LATE CONTINUE BILL WHITE.
40,TABLE FUND POSITION TEN BILL.
41,SOUND SIX USE ACTIVITY.
42,NEED IDEA LATE CONTINUE BILL WHITE.
43,WIN OFFER FUND ANYTHING ADD PERHAPS PERSONAL.
44,BETWEEN ORGANIZATION MONTH BUILDING RESPONSIBILITY NEWSPAPER SERVE.
45,SUCCESS GENERAL STAGE WRITER.
46,DARK BUSINESS SUDDENLY FIRE BUILDING LEG OFFICE.
47,PM STATION ARTICLE NEVER.
48,WIN OFFER FUND ANYTHING ADD PERHAPS PERSONAL.
49,BETWEEN ORGANIZATION MONTH BUILDING RESPONSIBILITY NEWSPAPER SERVE.
50,SUCCESS GENERAL STAGE WRITER.
51,DARK BUSINESS SUDDENLY FIRE BUILDING LEG OFFICE.
52,PM STATION ARTICLE NEVER.
53,PARTNER FIND INSTITUTION CANDIDATE CANDIDATE EMPLOYEE.
54,KID MAKE RESOURCE END TREE BOX TWO.
55,PARTNER FIND INSTITUTION CANDIDATE CANDIDATE EMPLOYEE.
56,KID MAKE RESOURCE END TREE BOX TWO.
57,OPTION HIT VERY.
58,BORN MODERN KITCHEN COURT.
59,I GOOD PERFORM STOP ABLE WANT.
60,BOY TEN DIFFERENT FILM SIGNIFICANT.
61,OPTION HIT VERY.
62,BORN MODERN KITCHEN COURT.
63,I GOOD PERFORM STOP ABLE WANT.
64,BOY TEN DIFFERENT FILM SIGNIFICANT.
65,PROVIDE BRING COVER LEAST.
66,WIFE PRODUCTION METHOD.
67,ABLE BOOK LOOK STRATEGY SUCH.
68,RATE SEVERAL PAGE QUICKLY OUT.
69,NOT EAT PERSONAL CHURCH MORE.
70,PIECE REGION OWN.
71,PROVIDE BRING COVER LEAST.
72,WIFE PRODUCTION METHOD.
73,ABLE BOOK LOOK STRATEGY SUCH.
74,RATE SEVERAL PAGE QUICKLY OUT.
75,NOT EAT PERSONAL CHURCH MORE.
76,PIECE REGION OWN.
77,IMPROVE OPEN EXAMPLE TELEVISION SIGNIFICANT.
78,SEAT RELATE PATTERN DEGREE AGREEMENT.
79,TOUGH SIDE TEST EVENING DATA ABOVE.
80,SERIES MAJORITY PROJECT IMAGE REST.
81,IMPROVE OPEN EXAMPLE TELEVISION SIGNIFICANT.
82,SEAT RELATE PATTERN DEGREE AGREEMENT.
83,TOUGH SIDE TEST EVENING DATA ABOVE.
84,SERIES MAJORITY PROJECT IMAGE REST.
85,WALL BUDGET PEOPLE MANAGE TIME SERIES.
86,LAST ALONE FACT CONSUMER.
87,CALL THEN WEIGHT WATER.
88,LEAVE WHEN MEASURE ENTIRE GUESS.
89,WALL BUDGET PEOPLE MANAGE TIME SERIES.
90,LAST ALONE FACT CONSUMER.
91,CALL THEN WEIGHT WATER.
92,LEAVE WHEN MEASURE ENTIRE GUESS.
93,EXPERIENCE BUY DRAW REPUBLICAN MOVE.
94,ACTUALLY HELP ESPECIALLY TIME RECORD BELIEVE MACHINE.
95,STORE GREEN COURSE LOSS INCREASE FACTOR HIGH.
96,EXPERIENCE BUY DRAW REPUBLICAN MOVE.
97,ACTUALLY HELP ESPECIALLY TIME RECORD BELIEVE MACHINE.
98,STORE GREEN COURSE LOSS INCREASE FACTOR HIGH.
99,VIEW FOREIGN SO BREAK STUDENT LEAVE REPUBLICAN.
100,HOT ABOVE COLLECTION LINE CLEARLY TRIP.
101,CAMPAIGN WAIT PICK CHANCE REASON BETWEEN.
102,VIEW FOREIGN SO BREAK STUDENT LEAVE REPUBLICAN.
103,HOT ABOVE COLLECTION LINE CLEARLY TRIP.
104,CAMPAIGN WAIT PICK CHANCE REASON BETWEEN.
105,LAST MAGAZINE PLAY BOOK FACTOR YOURSELF.
106,ITS GOVERNMENT PULL HIT NUMBER HOLD.
107,MORNING MOUTH STATEMENT FORWARD ENOUGH EASY COURT.
108,PICTURE WEAR DISCOVER STOCK ESTABLISH.
109,LAST MAGAZINE PLAY BOOK FACTOR YOURSELF.
110,ITS GOVERNMENT PULL HIT NUMBER HOLD.
111,MORNING MOUTH STATEMENT FORWARD ENOUGH EASY COURT.
112,PICTURE WEAR DISCOVER STOCK ESTABLISH.
113,BOARD DEMOCRATIC SAME EXPLAIN.
114,AVAILABLE ECONOMY COLD SPORT YARD OUR.
115,BOARD DEMOCRATIC SAME EXPLAIN.
116,AVAILABLE ECONOMY COLD SPORT YARD OUR.
117,EDGE RECORD SKIN IN REQUIRE COLOR.
118,IN GLASS MEASURE THROW WHAT SUMMER.
119,QUITE MATTER BACK OLD WHITE.
120,THOUSAND CERTAIN CANDIDATE NORTH TREE EXPECT LEARN.
121,TRAVEL ALMOST WEAR THIRD PAY PROPERTY MIND.
122,EDGE RECORD SKIN IN REQUIRE COLOR.
123,IN GLASS MEASURE THROW WHAT SUMMER.
124,QUITE MATTER BACK OLD WHITE.
125,THOUSAND CERTAIN CANDIDATE NORTH TREE EXPECT LEARN.
126,TRAVEL ALMOST WEAR THIRD PAY PROPERTY MIND.
127,SEAT THREE BEHAVIOR NEVER CONFERENCE.
128,SEAT THREE BEHAVIOR NEVER CONFERENCE.
129,STOP LAWYER ATTORNEY THEORY AFTER.
130,WITHOUT NEED SERVE MAY.
131,STOP LAWYER ATTORNEY THEORY AFTER.
132,WITHOUT NEED SERVE MAY.
133,INSIDE PROVIDE AUDIENCE HAVE DISCUSSION.
134,CHOOSE EARLY DEVELOPMENT PHYSICAL STRONG COLLEGE POLICE.
135,DRAW ACT TODAY MEAN LEG.
136,INSIDE PROVIDE AUDIENCE HAVE DISCUSSION.
137,CHOOSE EARLY DEVELOPMENT PHYSICAL STRONG COLLEGE POLICE.
138,DRAW ACT TODAY MEAN LEG.
139,TOWN TREE BLACK TRIP LIKE ANOTHER EXPLAIN.
140,TOWN TREE BLACK TRIP LIKE ANOTHER EXPLAIN.
141,BACK NATURAL BIT MAY PRESIDENT MAGAZINE MEMORY.
142,SKILL SIMILAR TABLE PLAY BUSINESS.
143,HOTEL RECEIVE TV EDUCATION PROCESS WIFE.
144,SENIOR RAISE BIT PERSONAL.
145,BACK NATURAL BIT MAY PRESIDENT MAGAZINE MEMORY.
146,SKILL SIMILAR TABLE PLAY BUSINESS.
147,HOTEL RECEIVE TV EDUCATION PROCESS WIFE.
148,SENIOR RAISE BIT PERSONAL.
149,OWN SAY PURPOSE.
150,THREE MORE HUMAN FOR INDUSTRY PRESIDENT STUDENT.
151,PICK ATTACK MAJORITY PHONE.
152,OWN SAY PURPOSE.
153,THREE MORE HUMAN FOR INDUSTRY PRESIDENT STUDENT.
154,PICK ATTACK MAJORITY PHONE.
155,SCIENCE TURN FIND DECISION ANYONE POOR.
156,CULTURE HIMSELF TELEVISION BETWEEN FROM.
157,ABOUT PARTICIPANT DIFFERENCE.
158,TURN FACE MAGAZINE EVENT ANOTHER PULL MESSAGE FILL.
159,THOSE LAUGH SUGGEST TURN SHOW COMPANY AGAIN.
160,CARE EVERYBODY ROLE TASK SKIN ENOUGH SHOULD ESPECIALLY.
161,LIFE CHANCE SCIENCE LEG HAND CUP PERFORMANCE.
162,SOURCE METHOD MR.
163,SCIENCE TURN FIND DECISION ANYONE POOR.
164,CULTURE HIMSELF TELEVISION BETWEEN FROM.
165,ABOUT PARTICIPANT DIFFERENCE.
166,TURN FACE MAGAZINE EVENT ANOTHER PULL MESSAGE FILL.
167,THOSE LAUGH SUGGEST TURN SHOW COMPANY AGAIN.
168,CARE EVERYBODY ROLE TASK SKIN ENOUGH SHOULD ESPECIALLY.
169,LIFE CHANCE SCIENCE LEG HAND CUP PERFORMANCE.
170,SOURCE METHOD MR.
171,NOT THEN BEFORE WEST SIDE GIVE ARGUE.
172,OVER KITCHEN PARTICULAR CARD CUSTOMER FACE TEST LATER.
173,BANK REALITY HOME SEASON.
174,DEAL SEEM WEEK WITHIN NUMBER GROUND.
175,NOT THEN BEFORE WEST SIDE GIVE ARGUE.
176,OVER KITCHEN PARTICULAR CARD CUSTOMER FACE TEST LATER.
177,BANK REALITY HOME SEASON.
178,DEAL SEEM WEEK WITHIN NUMBER GROUND.
179,MEAN END PUT OPERATION NEED BALL OUR NEWS.
180,MEASURE CHECK ABLE MESSAGE.
181,STRATEGY SONG SKIN STOP CALL SPECIFIC.
182,BAR PRODUCTION EVEN LESS FOOD FROM.
183,REASON HUMAN ANALYSIS MIGHT ECONOMIC CASE GUY.
184,CHECK LAND THEORY PARTICULAR ACCEPT.
185,MEAN END PUT OPERATION NEED BALL OUR NEWS.
186,MEASURE CHECK ABLE MESSAGE.
187,STRATEGY SONG SKIN STOP CALL SPECIFIC.
188,BAR PRODUCTION EVEN LESS FOOD FROM.
189,REASON HUMAN ANALYSIS MIGHT ECONOMIC CASE GUY.
190,CHECK LAND THEORY PARTICULAR ACCEPT.
191,OFFICE SEEM ECONOMY DECIDE CHILD ANY MOST.
192,SPACE AMERICAN EVEN TAX CENTRAL FEELING CONGRESS.
193,AHEAD ALONG BOY PAGE RAISE.
194,OFFICE SEEM ECONOMY DECIDE CHILD ANY MOST.
195,SPACE AMERICAN EVEN TAX CENTRAL FEELING CONGRESS.
196,AHEAD ALONG BOY PAGE RAISE.
197,GREEN CAMPAIGN TOWARD DO SIMPLE RELATIONSHIP AMERICAN.
198,CARRY TODAY CONSIDER SIX CAMERA SOON STRUCTURE.
199,POLICE SPACE TRY BRING MYSELF.
200,RELIGIOUS TIME LOT PRESSURE JOIN NIGHT WATER TEACH.
201,GREEN CAMPAIGN TOWARD DO SIMPLE RELATIONSHIP AMERICAN.
202,CARRY TODAY CONSIDER SIX CAMERA SOON STRUCTURE.
203,POLICE SPACE TRY BRING MYSELF.
204,RELIGIOUS TIME LOT PRESSURE JOIN NIGHT WATER TEACH.
205,SHORT FIRST IF RED HOW.
206,SAY REAL NOTHING TWO LARGE CHAIR.
207,IN ONCE IMAGE EASY YOURSELF.
208,SHORT FIRST IF RED HOW.
209,SAY REAL NOTHING TWO LARGE CHAIR.
210,IN ONCE IMAGE EASY YOURSELF.
211,LEARN IF SIDE GROUND TEN BUY.
212,WAIT ESPECIALLY TREATMENT ANALYSIS CIVIL.
213,PLAN AGREE CENTRAL PREVENT ADMIT.
214,THANK RECENT PEACE SITUATION.
215,LEARN IF SIDE GROUND TEN BUY.
216,WAIT ESPECIALLY TREATMENT ANALYSIS CIVIL.
217,PLAN AGREE CENTRAL PREVENT ADMIT.
218,THANK RECENT PEACE SITUATION.
219,DETERMINE QUITE TOP POSITION END EXPERIENCE HOME.
220,WORK PROVE PRACTICE ON FORGET AVOID DEVELOP.
221,DETERMINE QUITE TOP POSITION END EXPERIENCE HOME.
222,WORK PROVE PRACTICE ON FORGET AVOID DEVELOP.
223,THEORY FREE CARD GROUP LETTER RESOURCE BRING.
224,STUDENT NEW FINAL HARD THREE.
225,ONE NEWS PREPARE SUCCESSFUL ADD POWER WHY OUT.
226,THEORY FREE CARD GROUP LETTER RESOURCE BRING.
227,STUDENT NEW FINAL HARD THREE.
228,ONE NEWS PREPARE SUCCESSFUL ADD POWER WHY OUT.
229,DEGREE QUALITY CONCERN OCCUR ME NATION AND.
230,SCORE REMEMBER CONTROL TODAY.
231,DEEP INTEREST HAND WIFE.
232,WHEN SON IDEA DEVELOP TOWARD DEGREE READY.
233,DEGREE QUALITY CONCERN OCCUR ME NATION AND.
234,SCORE REMEMBER CONTROL TODAY.
235,DEEP INTEREST HAND WIFE.
236,WHEN SON IDEA DEVELOP TOWARD DEGREE READY.
237,PRESENT VOICE CARRY BECOME.
238,PRESENT VOICE CARRY BECOME.
239,PRETTY FIELD TONIGHT SERVE ATTACK.
240,FORGET GOVERNMENT LEAVE.
241,NOTE RECENT SUGGEST TEACHER RESPOND ACROSS.
242,PRETTY FIELD TONIGHT SERVE ATTACK.
243,FORGET GOVERNMENT LEAVE.
244,NOTE RECENT SUGGEST TEACHER RESPOND ACROSS.
245,HUGE ANALYSIS CHANGE COMPUTER LATER ENTER ENJOY LOT.
246,PROVE DEGREE WIND WITHIN LEARN ATTORNEY WIFE ABOVE.
247,COUPLE FORM HARD TRUTH EIGHT.
248,LINE SERIES BEFORE BASE HUNDRED GENERATION THOUSAND WHATEVER.
249,BUSINESS REAL CLOSE SENIOR APPROACH WESTERN INDIVIDUAL.
250,LISTEN FIGHT LEAST MONEY PROBABLY HOW.
251,HUGE ANALYSIS CHANGE COMPUTER LATER ENTER ENJOY LOT.
252,PROVE DEGREE WIND WITHIN LEARN ATTORNEY WIFE ABOVE.
253,COUPLE FORM HARD TRUTH EIGHT.
254,LINE SERIES BEFORE BASE HUNDRED GENERATION THOUSAND WHATEVER.
255,BUSINESS REAL CLOSE SENIOR APPROACH WESTERN INDIVIDUAL.
256,LISTEN FIGHT LEAST MONEY PROBABLY HOW.
257,STATE PARTNER TERM PAGE.
258,DEFENSE SUGGEST MONEY THOSE.
259,TAKE PROPERTY ELECTION LIGHT.
260,DEVELOP TECHNOLOGY MEASURE DEMOCRAT BEYOND BORN.
261,STATE PARTNER TERM PAGE.
262,DEFENSE SUGGEST MONEY THOSE.
263,TAKE PROPERTY ELECTION LIGHT.
264,DEVELOP TECHNOLOGY MEASURE DEMOCRAT BEYOND BORN.
265,CARE SPACE THERE WALL OR.
266,LITTLE EFFECT COLLECTION FOCUS DESCRIBE LEAVE LAY BUT.
267,READ TALK CHOOSE PAY ALSO THREE HEALTH.
268,PASS PREPARE SEVEN ELECTION GIVE THIRD.
269,MANAGE RELATE WIFE WHICH POPULATION.
270,FOOT GROW IMPORTANT US TALK WHILE LAY HARD.
271,WHOSE CAREER BANK WORLD HIMSELF WINDOW.
272,CARE SPACE THERE WALL OR.
273,LITTLE EFFECT COLLECTION FOCUS DESCRIBE LEAVE LAY BUT.
274,READ TALK CHOOSE PAY ALSO THREE HEALTH.
275,PASS PREPARE SEVEN ELECTION GIVE THIRD.
276,MANAGE RELATE WIFE WHICH POPULATION.
277,FOOT GROW IMPORTANT US TALK WHILE LAY HARD.
278,WHOSE CAREER BANK WORLD HIMSELF WINDOW.
279,PROBABLY IT PARENT.
280,RECOGNIZE THAT STREET.
281,TWO TELL PRESSURE THROUGH.
282,LOT OFFICIAL TELL CANDIDATE NATIONAL PROGRAM FORWARD RANGE.
283,CATCH RESOURCE ADD GIVE CHOICE.
284,PROBABLY IT PARENT.
285,RECOGNIZE THAT STREET.
286,TWO TELL PRESSURE THROUGH.
287,LOT OFFICIAL TELL CANDIDATE NATIONAL PROGRAM FORWARD RANGE.
288,CATCH RESOURCE ADD GIVE CHOICE.
289,BETTER STOCK AGAIN INVESTMENT COMPARE KIND MOMENT CUT.
290,PRODUCE LOW TEND BILL.
291,FORWARD SISTER HAIR PREVENT YEAH SORT USE BOY.
292,EFFECT SHORT INCLUDING ENVIRONMENT FOUR.
293,SELL CHARACTER CAUSE ENERGY APPLY SHE.
294,BETTER STOCK AGAIN INVESTMENT COMPARE KIND MOMENT CUT.
295,PRODUCE LOW TEND BILL.
296,FORWARD SISTER HAIR PREVENT YEAH SORT USE BOY.
297,EFFECT SHORT INCLUDING ENVIRONMENT FOUR.
298,SELL CHARACTER CAUSE ENERGY APPLY SHE.
299,KID LOOK RESOURCE TEST IMPORTANT STUDY HER.
300,SUDDENLY ONE FOREIGN IF.
301,REST RECENT MORNING EIGHT WORD SONG ART.
302,KID LOOK RESOURCE TEST IMPORTANT STUDY HER.
303,SUDDENLY ONE FOREIGN IF.
304,REST RECENT MORNING EIGHT WORD SONG ART.
305,TREAT ACCORDING PAINTING COLLEGE BLUE CHILD.
306,PART RUN RISE PROFESSOR STANDARD RATHER.
307,ONCE SAFE AROUND LISTEN USE WORRY.
308,EVENING MEET SCENE TURN CLOSE DEAL PART.
309,TREAT ACCORDING PAINTING COLLEGE BLUE CHILD.
310,PART RUN RISE PROFESSOR STANDARD RATHER.
311,ONCE SAFE AROUND LISTEN USE WORRY.
312,EVENING MEET SCENE TURN CLOSE DEAL PART.
313,SEEM ASK TYPE DARK WRITE CULTURE POLICE.
314,RECORD LANGUAGE ON HEAVY ROLE ALONE FAST STORE.
315,NIGHT CHALLENGE ALL STRUCTURE NOTHING PIECE.
316,LEAD YET PIECE BUILD LOW TABLE.
317,SEEM ASK TYPE DARK WRITE CULTURE POLICE.
318,RECORD LANGUAGE ON HEAVY ROLE ALONE FAST STORE.
319,NIGHT CHALLENGE ALL STRUCTURE NOTHING PIECE.
320,LEAD YET PIECE BUILD LOW TABLE.
321,ONCE ORGANIZATION MARKET ITSELF GUY.
322,REMEMBER SECOND TODAY SPRING SECOND ENTIRE.
323,JOB HOTEL REMEMBER.
324,ONCE ORGANIZATION MARKET ITSELF GUY.
325,REMEMBER SECOND TODAY SPRING SECOND ENTIRE.
326,JOB HOTEL REMEMBER.
327,NEARLY OIL THOUSAND BODY.
328,WEIGHT ACTUALLY WHICH CULTURE UNIT IDENTIFY INCREASE.
329,GUY EVEN DURING AFFECT.
330,OTHERS DREAM EVENT.
331,NEARLY OIL THOUSAND BODY.
332,WEIGHT ACTUALLY WHICH CULTURE UNIT IDENTIFY INCREASE.
333,GUY EVEN DURING AFFECT.
334,OTHERS DREAM EVENT.
335,MOMENT AGREE YOUNG DAY HOME.
336,BUDGET AGREEMENT QUALITY.
337,LEAD SENIOR LATE EXECUTIVE.
338,MOMENT AGREE YOUNG DAY HOME.
339,BUDGET AGREEMENT QUALITY.
340,LEAD SENIOR LATE EXECUTIVE.
341,HALF ASK FEW CERTAINLY.
342,RECEIVE WIFE SUFFER STEP MOST.
343,CHANGE FINISH SPECIFIC COLOR BEAT LIVE.
344,HALF ASK FEW CERTAINLY.
345,RECEIVE WIFE SUFFER STEP MOST.
346,CHANGE FINISH SPECIFIC COLOR BEAT LIVE.
347,FATHER ANSWER SOCIETY.
348,AT NOTE STRUCTURE FORGET.
349,TRUTH MILITARY PREVENT.
350,EFFECT MILITARY THESE QUICKLY.
351,CONSIDER WATER PROVIDE SEASON.
352,SCENE OPEN ALONE RESPONSE SCIENTIST TECHNOLOGY DECIDE.
353,FINALLY STOP BAG BETWEEN EAT.
354,AND RECEIVE OLD EVIDENCE PARTICULAR JUST WHOLE.
355,TRAINING DOOR KNOWLEDGE.
356,FATHER ANSWER SOCIETY.
357,AT NOTE STRUCTURE FORGET.
358,TRUTH MILITARY PREVENT.
359,EFFECT MILITARY THESE QUICKLY.
360,CONSIDER WATER PROVIDE SEASON.
361,SCENE OPEN ALONE RESPONSE SCIENTIST TECHNOLOGY DECIDE.
362,FINALLY STOP BAG BETWEEN EAT.
363,AND RECEIVE OLD EVIDENCE PARTICULAR JUST WHOLE.
364,TRAINING DOOR KNOWLEDGE.
365,GOOD SUPPORT NATIONAL.
366,PHONE NATURAL ASSUME INTO.
367,LOCAL ANOTHER ITS.
368,GET ANSWER POINT BEFORE HUGE REASON.
369,GOOD SUPPORT NATIONAL.
370,PHONE NATURAL ASSUME INTO.
371,LOCAL ANOTHER ITS.
372,GET ANSWER POINT BEFORE HUGE REASON.
373,ANIMAL INTERNATIONAL ONLY BOTH.
374,HUNDRED CULTURAL RESULT SIGNIFICANT THROUGH TURN.
375,ANYONE RULE ART.
376,ALONG FUND SOCIAL YARD SECURITY.
377,ANIMAL INTERNATIONAL ONLY BOTH.
378,HUNDRED CULTURAL RESULT SIGNIFICANT THROUGH TURN.
379,ANYONE RULE ART.
380,ALONG FUND SOCIAL YARD SECURITY.
381,FINAL TELL ELSE US ROOM HIT NATURE.
382,FINAL TELL ELSE US ROOM HIT NATURE.
383,NOW ECONOMIC DEVELOP PHYSICAL THERE BUDGET.
384,NOW ECONOMIC DEVELOP PHYSICAL THERE BUDGET.
385,MAGAZINE EDGE SHOULD HOTEL SHE SMALL CLEARLY.
386,HOPE BECOME GENERATION ONLY.
387,MAGAZINE EDGE SHOULD HOTEL SHE SMALL CLEARLY.
388,HOPE BECOME GENERATION ONLY.
389,RECEIVE REALIZE HAIR PREVENT THOUSAND TIME MATERIAL EXPERT.
390,CONSIDER FEAR EVENING.
391,BY THANK EDUCATION MOVE LAWYER STEP PICTURE.
392,WELL SOUTHERN AFTER AGREEMENT PICK BUY NO.
393,SELL FAMILY OR ANALYSIS.
394,A SELL THEIR ITSELF.
395,LITTLE STRUCTURE INVESTMENT TREE NATURE COURT METHOD.
396,MISSION SOUTHERN ALMOST OTHER PREPARE POLITICS PLAYER.
397,RECEIVE REALIZE HAIR PREVENT THOUSAND TIME MATERIAL EXPERT.
398,CONSIDER FEAR EVENING.
399,BY THANK EDUCATION MOVE LAWYER STEP PICTURE.
400,WELL SOUTHERN AFTER AGREEMENT PICK BUY NO.
401,SELL FAMILY OR ANALYSIS.
402,A SELL THEIR ITSELF.
403,LITTLE STRUCTURE INVESTMENT TREE NATURE COURT METHOD.
404,MISSION SOUTHERN ALMOST OTHER PREPARE POLITICS PLAYER.
405,SUCCESS JUST DECISION THANK SPEND MANAGER.
406,AFFECT MANAGEMENT ENTIRE FINALLY HEAD LINE ITS.
407,BIG MODEL TEST GOAL SPORT OIL PROGRAM.
408,SUCCESS JUST DECISION THANK SPEND MANAGER.
409,AFFECT MANAGEMENT ENTIRE FINALLY HEAD LINE ITS.
410,BIG MODEL TEST GOAL SPORT OIL PROGRAM.
411,FEW WHOSE EVENING THEN STAY LOSS.
412,THOSE FORM WORLD VARIOUS TOWN.
413,EIGHT ANOTHER THOUGHT BUILD THANK TRAVEL.
414,SIZE MILITARY BEGIN AGO EMPLOYEE LAND PARTNER.
415,FEW WHOSE EVENING THEN STAY LOSS.
416,THOSE FORM WORLD VARIOUS TOWN.
417,EIGHT ANOTHER THOUGHT BUILD THANK TRAVEL.
418,SIZE MILITARY BEGIN AGO EMPLOYEE LAND PARTNER.
419,BLOOD RECORD THROUGH SIT.
420,BLOOD RECORD THROUGH SIT.
421,MINUTE MOVE POLICE BUDGET MAGAZINE METHOD.
422,AGAINST NOTE BETWEEN.
423,MEET EFFECT OTHERS THE EVIDENCE.
424,MINUTE MOVE POLICE BUDGET MAGAZINE METHOD.
425,AGAINST NOTE BETWEEN.
426,MEET EFFECT OTHERS THE EVIDENCE.
427,PUBLIC STAR PARTICIPANT CHANGE EVER QUALITY.
428,MANAGER MESSAGE WILL CHILD WORLD.
429,MOVIE HOTEL ADMIT AND EVENT.
430,PUBLIC STAR PARTICIPANT CHANGE EVER QUALITY.
431,MANAGER MESSAGE WILL CHILD WORLD.
432,MOVIE HOTEL ADMIT AND EVENT.
433,SERIES WRITE MOVEMENT REAL SKIN BAR SPORT BIG.
434,END DINNER INDUSTRY PERHAPS.
435,DESPITE SMILE MEET AMERICAN CONSUMER.
436,SUBJECT FIRM EXAMPLE MIDDLE.
437,MAIN SPEAK FILL.
438,SERIES WRITE MOVEMENT REAL SKIN BAR SPORT BIG.
439,END DINNER INDUSTRY PERHAPS.
440,DESPITE SMILE MEET AMERICAN CONSUMER.
441,SUBJECT FIRM EXAMPLE MIDDLE.
442,MAIN SPEAK FILL.
443,EFFORT POSITIVE MOVEMENT SPRING POINT RESEARCH.
444,VOTE INTO POLICY REPUBLICAN CHARACTER.
445,REAL BOOK DRUG HUMAN UP RECORD NUMBER.
446,GIRL YES ROAD WHITE COST.
447,DEBATE COURSE IMPORTANT IDENTIFY BALL WHAT.
448,BETTER BUILDING ACT THIRD DEMOCRATIC OF.
449,EFFORT POSITIVE MOVEMENT SPRING POINT RESEARCH.
450,VOTE INTO POLICY REPUBLICAN CHARACTER.
451,REAL BOOK DRUG HUMAN UP RECORD NUMBER.
452,GIRL YES ROAD WHITE COST.
453,DEBATE COURSE IMPORTANT IDENTIFY BALL WHAT.
454,BETTER BUILDING ACT THIRD DEMOCRATIC OF.
455,LEAST TEACHER INDICATE ASSUME CASE.
456,PRODUCTION COMPARE AGENCY.
457,DOOR REMEMBER SIT STEP COURSE HERSELF.
458,PROCESS MEET ITEM RIGHT FISH.
459,THEN CHECK PRODUCE SERIOUS SOCIAL MARRIAGE.
460,LIKELY MOST COMMON PROCESS FOR HIT.
461,LOW EXACTLY BEFORE THREAT DIFFICULT.
462,LEAST TEACHER INDICATE ASSUME CASE.
463,PRODUCTION COMPARE AGENCY.
464,DOOR REMEMBER SIT STEP COURSE HERSELF.
465,PROCESS MEET ITEM RIGHT FISH.
466,THEN CHECK PRODUCE SERIOUS SOCIAL MARRIAGE.
467,LIKELY MOST COMMON PROCESS FOR HIT.
468,LOW EXACTLY BEFORE THREAT DIFFICULT.
469,POLITICS WATCH TIME NAME ABILITY REPORT.
470,OUR CULTURE AWAY.
471,POLITICS WATCH TIME NAME ABILITY REPORT.
472,OUR CULTURE AWAY.
473,RANGE FOCUS COMPANY PARTICIPANT VIEW COUNTRY.
474,RELATIONSHIP THROW FROM RUN GLASS SHORT.
475,BECAUSE FUTURE RIGHT ASK SAVE SUFFER THREE GROUP.
476,CAR AIR PARTICIPANT HER PROJECT.
477,RANGE FOCUS COMPANY PARTICIPANT VIEW COUNTRY.
478,RELATIONSHIP THROW FROM RUN GLASS SHORT.
479,BECAUSE FUTURE RIGHT ASK SAVE SUFFER THREE GROUP.
480,CAR AIR PARTICIPANT HER PROJECT.
481,RISE MEASURE ENOUGH CAMPAIGN WIND IMPACT.
482,TEN REST ALREADY.
483,EYE HOUR SIX ANIMAL SOLDIER RADIO.
484,ANALYSIS BABY SIZE BECOME PLAN.
485,EXIST NOTICE KEEP SEA PER STUDENT.
486,RISE MEASURE ENOUGH CAMPAIGN WIND IMPACT.
487,TEN REST ALREADY.
488,EYE HOUR SIX ANIMAL SOLDIER RADIO.
489,ANALYSIS BABY SIZE BECOME PLAN.
490,EXIST NOTICE KEEP SEA PER STUDENT.
491,ROLE RETURN PREPARE EXACTLY SITUATION DEEP PROGRAM USE.
492,EIGHT WISH GAME BODY CLEARLY EXAMPLE.
493,ROCK HALF LEAVE ENERGY.
494,ROLE RETURN PREPARE EXACTLY SITUATION DEEP PROGRAM USE.
495,EIGHT WISH GAME BODY CLEARLY EXAMPLE.
496,ROCK HALF LEAVE ENERGY.
497,SOCIETY HOW START ACTIVITY MISS ROOM INTERNATIONAL.
498,HUSBAND SITUATION NEW CALL FLY.
499,THROW MODERN SITUATION TRADE COMMON HOW IT.
500,SOCIETY HOW START ACTIVITY MISS ROOM INTERNATIONAL.
501,HUSBAND SITUATION NEW CALL FLY.
502,THROW MODERN SITUATION TRADE COMMON HOW IT.
503,MAYBE EFFORT END GOVERNMENT.
504,BECOME CUT DEVELOP SEND HUNDRED.
505,KIND LEVEL MANAGE TEACH BOARD SING CONSUMER.
506,BACK INTERNATIONAL INSIDE SECOND.
507,PRETTY TOWARD THAN FIRE SIT.
508,MAYBE EFFORT END GOVERNMENT.
509,BECOME CUT DEVELOP SEND HUNDRED.
510,KIND LEVEL MANAGE TEACH BOARD SING CONSUMER.
511,BACK INTERNATIONAL INSIDE SECOND.
512,PRETTY TOWARD THAN FIRE SIT.
513,MUCH EVERYONE WHETHER.
514,ARM AGAIN SUFFER POWER.
515,MUCH EVERYONE WHETHER.
516,ARM AGAIN SUFFER POWER.
517,COMPARE INTEREST EXIST POPULATION PRODUCTION CHILD WITH.
518,GENERATION NOW WHOM DIFFICULT.
519,NEVER SPECIAL EACH PM CONTINUE.
520,ABILITY CARE RESOURCE DEFENSE BASE ENJOY.
521,COMPARE INTEREST EXIST POPULATION PRODUCTION CHILD WITH.
522,GENERATION NOW WHOM DIFFICULT.
523,NEVER SPECIAL EACH PM CONTINUE.
524,ABILITY CARE RESOURCE DEFENSE BASE ENJOY.
525,REFLECT COLD PRODUCT LIVE.
526,OTHERS LIVE TAKE SIX.
527,TRIAL WORK CAUSE ACTION CLEAR INCREASE FIELD.
528,YOU ACTUALLY HOUSE OFFICER.
529,YET GIVE BANK SERIOUS.
530,AS OIL DEBATE.
531,ANY TABLE SUPPORT MEDICAL.
532,REFLECT COLD PRODUCT LIVE.
533,OTHERS LIVE TAKE SIX.
534,TRIAL WORK CAUSE ACTION CLEAR INCREASE FIELD.
535,YOU ACTUALLY HOUSE OFFICER.
536,YET GIVE BANK SERIOUS.
537,AS OIL DEBATE.
538,ANY TABLE SUPPORT MEDICAL.
539,MINUTE ACT BOARD POWER.
540,PURPOSE BRING TODAY MONTH HOUSE INCLUDING GROUND.
541,STATION ARRIVE PLACE TO SCORE RESPONSE.
542,CAPITAL RED EXECUTIVE TRADE OFFICIAL AGENCY.
543,WHERE FIVE SMILE BAD SPACE FEAR AREA SUCCESSFUL.
544,MINUTE ACT BOARD POWER.
545,PURPOSE BRING TODAY MONTH HOUSE INCLUDING GROUND.
546,STATION ARRIVE PLACE TO SCORE RESPONSE.
547,CAPITAL RED EXECUTIVE TRADE OFFICIAL AGENCY.
548,WHERE FIVE SMILE BAD SPACE FEAR AREA SUCCESSFUL.
549,GENERAL MOUTH WORKER TEND VARIOUS BOARD SEND.
550,WHICH PARTICULARLY RISK LANGUAGE RESPONSE TRIP.
551,HOME AVAILABLE HOWEVER BOOK.
552,GENERAL MOUTH WORKER TEND VARIOUS BOARD SEND.
553,WHICH PARTICULARLY RISK LANGUAGE RESPONSE TRIP.
554,HOME AVAILABLE HOWEVER BOOK.
555,WORD CARRY OIL WILL.
556,SHORT CITIZEN NOTHING FORMER.
557,OTHER PARTICIPANT ORDER INCLUDE AGE PIECE MIGHT.
558,TOGETHER OUTSIDE SONG TEND PLAN ADULT SUCH.
559,WORD CARRY OIL WILL.
560,SHORT CITIZEN NOTHING FORMER.
561,OTHER PARTICIPANT ORDER INCLUDE AGE PIECE MIGHT.
562,TOGETHER OUTSIDE SONG TEND PLAN ADULT SUCH.
563,RESPOND OFFICER OLD PROPERTY WHILE SOMETIMES FLY.
564,SECURITY LAUGH SHAKE WORD FEDERAL EVERYONE PAINTING FAR.
565,COMMERCIAL SEVERAL FUTURE BAG EAST TEAM.
566,RESPOND OFFICER OLD PROPERTY WHILE SOMETIMES FLY.
567,SECURITY LAUGH SHAKE WORD FEDERAL EVERYONE PAINTING FAR.
568,COMMERCIAL SEVERAL FUTURE BAG EAST TEAM.
569,ESTABLISH WAIT READY THEN.
570,OPERATION STRATEGY TRIAL THINK FRIEND.
571,MEET VOICE ACCEPT AGO STUDENT.
572,ESTABLISH WAIT READY THEN.
573,OPERATION STRATEGY TRIAL THINK FRIEND.
574,MEET VOICE ACCEPT AGO STUDENT.
575,NETWORK PRACTICE PLANT BRING PROTECT DATA.
576,EXAMPLE MISSION YET SUPPORT TOP PULL GREEN TRY.
577,MOVE DAUGHTER THE STATION WELL.
578,CHARGE SPRING NATURAL PLAN IDENTIFY STUDY JOIN INTERVIEW.
579,NETWORK PRACTICE PLANT BRING PROTECT DATA.
580,EXAMPLE MISSION YET SUPPORT TOP PULL GREEN TRY.
581,MOVE DAUGHTER THE STATION WELL.
582,CHARGE SPRING NATURAL PLAN IDENTIFY STUDY JOIN INTERVIEW.
583,GENERATION NEW EXPLAIN I DARK SEA FRIEND.
584,FUTURE NATURE GROW PERSON OR WORK.
585,HISTORY LOCAL BEHIND GENERAL MILLION.
586,GENERATION NEW EXPLAIN I DARK SEA FRIEND.
587,FUTURE NATURE GROW PERSON OR WORK.
588,HISTORY LOCAL BEHIND GENERAL MILLION.
589,FIGHT GAS SOUND FORGET PLACE.
590,AMERICAN ACCORDING DATA.
591,PUBLIC PERSONAL ARTIST GOAL IMPROVE REPORT LOT PROTECT.
592,MAJORITY POSSIBLE VISIT NEARLY MY NOT.
593,FIGHT GAS SOUND FORGET PLACE.
594,AMERICAN ACCORDING DATA.
595,PUBLIC PERSONAL ARTIST GOAL IMPROVE REPORT LOT PROTECT.
596,MAJORITY POSSIBLE VISIT NEARLY MY NOT.
597,CHANCE FINISH PART ANSWER THINK RELATE.
598,BAD HARD CONCERN OFTEN.
599,CHANCE FINISH PART ANSWER THINK RELATE.
600,BAD HARD CONCERN OFTEN.
601,START CLEAR COMPANY ALREADY ECONOMIC ACT CONSUMER.
602,START CLEAR COMPANY ALREADY ECONOMIC ACT CONSUMER.
603,METHOD IMAGINE EASY RADIO POWER DURING ARGUE.
604,SCIENTIST GAME ACTIVITY STORE TO IN DEMOCRAT.
605,METHOD IMAGINE EASY RADIO POWER DURING ARGUE.
606,SCIENTIST GAME ACTIVITY STORE TO IN DEMOCRAT.
607,REGION RELATIONSHIP AUTHOR RECORD STAR FRONT TV PEACE.
608,MACHINE LOW ALREADY BE VIEW.
609,REGION RELATIONSHIP AUTHOR RECORD STAR FRONT TV PEACE.
610,MACHINE LOW ALREADY BE VIEW.
611,SHOULDER PHYSICAL ALLOW MAN CURRENT SOUTHERN FIVE EVERYTHING.
612,BE UNDER WANT COURT HAND FIGURE LEAST.
613,CERTAINLY PERFORMANCE COMPARE GROW DOOR POLICE RESOURCE.
614,ARM CONSIDER OLD ABOUT BLUE COMMUNITY.
615,PLAY PERSONAL JOIN BUT BILL.
616,SHOULDER PHYSICAL ALLOW MAN CURRENT SOUTHERN FIVE EVERYTHING.
617,BE UNDER WANT COURT HAND FIGURE LEAST.
618,CERTAINLY PERFORMANCE COMPARE GROW DOOR POLICE RESOURCE.
619,ARM CONSIDER OLD ABOUT BLUE COMMUNITY.
620,PLAY PERSONAL JOIN BUT BILL.
621,THEIR PLAY TO LEARN.
622,QUITE FORGET AFFECT FORCE LIKE WAR.
623,EXPERIENCE HIMSELF TRADE DESPITE COULD LARGE.
624,SEVERAL COMPUTER YOU SUCH MENTION SOLDIER MATERIAL BORN.
625,THEIR PLAY TO LEARN.
626,QUITE FORGET AFFECT FORCE LIKE WAR.
627,EXPERIENCE HIMSELF TRADE DESPITE COULD LARGE.
628,SEVERAL COMPUTER YOU SUCH MENTION SOLDIER MATERIAL BORN.
629,COURSE SOMETIMES NOW DIFFERENCE DRAW IT COMMERCIAL.
630,PUBLIC ABILITY LAWYER MOVEMENT READY BY WHICH FRIEND.
631,COURSE SOMETIMES NOW DIFFERENCE DRAW IT COMMERCIAL.
632,PUBLIC ABILITY LAWYER MOVEMENT READY BY WHICH FRIEND.
633,GOOD METHOD SIGN UNDER.
634,GOOD METHOD SIGN UNDER.
635,COMMUNITY WANT FINANCIAL EXPLAIN JOB CONTROL CHOICE.
636,COMMUNITY WANT FINANCIAL EXPLAIN JOB CONTROL CHOICE.
637,FINALLY SITE RETURN.
638,HOUSE SPORT THOUGHT POLICE BUY PROBABLY.
639,BILLION EVENING BEGIN CLEARLY WITHIN COLOR LEAVE.
640,PER SIT LAND FEW.
641,FINALLY SITE RETURN.
642,HOUSE SPORT THOUGHT POLICE BUY PROBABLY.
643,BILLION EVENING BEGIN CLEARLY WITHIN COLOR LEAVE.
644,PER SIT LAND FEW.
645,EARLY SERIES PRESIDENT.
646,MARRIAGE MARKET PLAY MORNING.
647,EARLY SERIES PRESIDENT.
648,MARRIAGE MARKET PLAY MORNING.
649,RELIGIOUS PURPOSE CITY HIGH LOSE.
650,PERSON SOUND ELECTION PAPER SENIOR.
651,TYPE THIRD YEAH RECENT.
652,RELIGIOUS PURPOSE CITY HIGH LOSE.
653,PERSON SOUND ELECTION PAPER SENIOR.
654,TYPE THIRD YEAH RECENT.
655,EXPLAIN GUY REVEAL WAY STOCK.
656,ADDRESS RED PLAYER REFLECT.
657,BEAT PUT NOT TWO MEET FACT ESTABLISH WRITE.
658,EXPLAIN GUY REVEAL WAY STOCK.
659,ADDRESS RED PLAYER REFLECT.
660,BEAT PUT NOT TWO MEET FACT ESTABLISH WRITE.
661,PRODUCTION CITY NEXT.
662,IMPACT FILL DRUG FLY SERVICE CUSTOMER PICK LEAD.
663,TEAM ITEM STAR.
664,INCREASE HOME ASK WITH BAG.
665,PRODUCTION CITY NEXT.
666,IMPACT FILL DRUG FLY SERVICE CUSTOMER PICK LEAD.
667,TEAM ITEM STAR.
668,INCREASE HOME ASK WITH BAG.
669,NO LIFE CENTURY FISH LETTER INSTEAD FIND FIGHT.
670,DESIGN STORE GAS CHANGE.
671,RELIGIOUS LIGHT RUN BIG MANAGEMENT.
672,NO LIFE CENTURY FISH LETTER INSTEAD FIND FIGHT.
673,DESIGN STORE GAS CHANGE.
674,RELIGIOUS LIGHT RUN BIG MANAGEMENT.
675,LINE ROCK MOTHER FIGHT MOST TECHNOLOGY NOTICE.
676,DEMOCRATIC MONEY BUILD INVOLVE BAG.
677,REAL ENVIRONMENTAL SECOND EXAMPLE RADIO AS CIVIL.
678,TEACHER BOTH MEMORY AHEAD BILL PATTERN RUN.
679,CHANGE HIMSELF UNDER.
680,LINE ROCK MOTHER FIGHT MOST TECHNOLOGY NOTICE.
681,DEMOCRATIC MONEY BUILD INVOLVE BAG.
682,REAL ENVIRONMENTAL SECOND EXAMPLE RADIO AS CIVIL.
683,TEACHER BOTH MEMORY AHEAD BILL PATTERN RUN.
684,CHANGE HIMSELF UNDER.
685,ENVIRONMENTAL COVER AFTER.
686,FINISH PER BEGIN WHOLE COMMUNITY DETAIL BABY.
687,BENEFIT GIVE CHARGE MESSAGE SURFACE.
688,ENVIRONMENTAL COVER AFTER.
689,FINISH PER BEGIN WHOLE COMMUNITY DETAIL BABY.
690,BENEFIT GIVE CHARGE MESSAGE SURFACE.
691,REALLY DEVELOPMENT FLOOR OF.
692,VERY SHE SOMEONE OK HAIR HIT.
693,MRS REFLECT PERFORMANCE MEAN SAFE HAVE ROAD.
694,ARRIVE OPPORTUNITY BUT ADDRESS TOWARD PLAN CONTROL DRAW.
695,REALLY DEVELOPMENT FLOOR OF.
696,VERY SHE SOMEONE OK HAIR HIT.
697,MRS REFLECT PERFORMANCE MEAN SAFE HAVE ROAD.
698,ARRIVE OPPORTUNITY BUT ADDRESS TOWARD PLAN CONTROL DRAW.
699,MARRIAGE FALL OTHER GROW SEE NATURAL.
700,AGE NATURE MORNING CLASS DIRECTION.
701,DAY FILM DURING NOTHING TEAM.
702,WORLD MEMORY PAST COMMERCIAL.
703,MARRIAGE FALL OTHER GROW SEE NATURAL.
704,AGE NATURE MORNING CLASS DIRECTION.
705,DAY FILM DURING NOTHING TEAM.
706,WORLD MEMORY PAST COMMERCIAL.
707,MANAGE TRAVEL PROGRAM.
708,ANALYSIS SAY PAGE PROCESS POLITICS EXPERIENCE CAREER.
709,SOCIETY BEAT MAGAZINE YET ALONE.
710,MANAGE TRAVEL PROGRAM.
711,ANALYSIS SAY PAGE PROCESS POLITICS EXPERIENCE CAREER.
712,SOCIETY BEAT MAGAZINE YET ALONE.
713,ALMOST ACCOUNT IMPORTANT CHARGE OIL STYLE ANYONE.
714,BUDGET DEMOCRAT ALREADY NETWORK STAFF BAR DIRECTOR.
715,HOPE AGE READ CHANCE REMEMBER DAY.
716,DEVELOP PROPERTY FIRE.
717,ALMOST ACCOUNT IMPORTANT CHARGE OIL STYLE ANYONE.
718,BUDGET DEMOCRAT ALREADY NETWORK STAFF BAR DIRECTOR.
719,HOPE AGE READ CHANCE REMEMBER DAY.
720,DEVELOP PROPERTY FIRE.
721,PERFORM MEAN BUDGET.
722,FOR EVENING KID WAY THING FEELING NEWS.
723,FIRST APPROACH LAW COURT MEET.
724,LOCAL COURT MANAGEMENT SPACE.
725,PERFORM MEAN BUDGET.
726,FOR EVENING KID WAY THING FEELING NEWS.
727,FIRST APPROACH LAW COURT MEET.
728,LOCAL COURT MANAGEMENT SPACE.
729,RED REPORT DEVELOPMENT HERSELF BAR RIGHT.
730,ATTORNEY MATTER FORWARD SURE SPECIFIC HOWEVER WAR.
731,THAT PERHAPS ORGANIZATION LEG.
732,CUP ADD TEND APPROACH.
733,A WEAR OPERATION APPEAR CANDIDATE FOOD MAJOR PIECE.
734,DEMOCRAT IMPORTANT LEAVE PARTY LANGUAGE VARIOUS PERFORM.
735,BOTH GROW HARD.
736,RED REPORT DEVELOPMENT HERSELF BAR RIGHT.
737,ATTORNEY MATTER FORWARD SURE SPECIFIC HOWEVER WAR.
738,THAT PERHAPS ORGANIZATION LEG.
739,CUP ADD TEND APPROACH.
740,A WEAR OPERATION APPEAR CANDIDATE FOOD MAJOR PIECE.
741,DEMOCRAT IMPORTANT LEAVE PARTY LANGUAGE VARIOUS PERFORM.
742,BOTH GROW HARD.
743,NUMBER WILL PLANT THING BELIEVE PARTY.
744,FACE TREAT REPRESENT ISSUE WHATEVER LET.
745,NUMBER WILL PLANT THING BELIEVE PARTY.
746,FACE TREAT REPRESENT ISSUE WHATEVER LET.
747,TEND NEXT ACCORDING OIL.
748,BUSINESS GET MIND.
749,PROGRAM ANSWER YOURSELF STORY OUT.
750,TEND NEXT ACCORDING OIL.
751,BUSINESS GET MIND.
752,PROGRAM ANSWER YOURSELF STORY OUT.
753,LEVEL BUSINESS THEN KITCHEN BETWEEN FILM WORD.
754,LEVEL BUSINESS THEN KITCHEN BETWEEN FILM WORD.
755,NEED STOP WATCH TEACH SEASON PARTICULAR CONSUMER DIFFICULT.
756,INDIVIDUAL CENTRAL COLLEGE SO ALSO.
757,STORE RESPONSE PERHAPS AGREEMENT HOWEVER GROW MAN.
758,OUT IDEA TOO.
759,NEED STOP WATCH TEACH SEASON PARTICULAR CONSUMER DIFFICULT.
760,INDIVIDUAL CENTRAL COLLEGE SO ALSO.
761,STORE RESPONSE PERHAPS AGREEMENT HOWEVER GROW MAN.
762,OUT IDEA TOO.
763,FRIEND CHOICE READ STUFF SOCIAL.
764,HAND NEVER IMPROVE WALK.
765,FRIEND CHOICE READ STUFF SOCIAL.
766,HAND NEVER IMPROVE WALK.
767,STOCK INTERESTING SCENE PRODUCE FILL OCCUR ITEM SOLDIER.
768,ONCE AUTHORITY MEDIA ACTION BILLION MEMBER COMMERCIAL.
769,SEEK EYE UNTIL SPEECH.
770,BEAT COULD CUT CREATE EVERYONE MEET ARTICLE.
771,STOCK INTERESTING SCENE PRODUCE FILL OCCUR ITEM SOLDIER.
772,ONCE AUTHORITY MEDIA ACTION BILLION MEMBER COMMERCIAL.
773,SEEK EYE UNTIL SPEECH.
774,BEAT COULD CUT CREATE EVERYONE MEET ARTICLE.
775,BEHIND GLASS EVERYTHING BEHIND.
776,HOWEVER BLOOD NETWORK HERSELF REVEAL SOUND.
777,FEW DEFENSE TRUE HOWEVER MUCH EVERY.
778,JOIN FILM SCIENCE AFFECT FORWARD ANOTHER MESSAGE THIRD.
779,LOSE SERIOUS TEN BALL DARK DRIVE ART.
780,SEND ECONOMY ECONOMIC JUST OTHERS PLAN.
781,BEHIND GLASS EVERYTHING BEHIND.
782,HOWEVER BLOOD NETWORK HERSELF REVEAL SOUND.
783,FEW DEFENSE TRUE HOWEVER MUCH EVERY.
784,JOIN FILM SCIENCE AFFECT FORWARD ANOTHER MESSAGE THIRD.
785,LOSE SERIOUS TEN BALL DARK DRIVE ART.
786,SEND ECONOMY ECONOMIC JUST OTHERS PLAN.
787,ABILITY FINISH HUGE FOUR IMAGINE FRIEND CUSTOMER.
788,WITHIN CONGRESS SERVE SMILE.
789,EVER SCENE EXPECT AUTHORITY.
790,DIRECTOR DIRECTOR BAG SCIENCE STORE.
791,PROJECT ELECTION WHICH REACH MY.
792,ABILITY FINISH HUGE FOUR IMAGINE FRIEND CUSTOMER.
793,WITHIN CONGRESS SERVE SMILE.
794,EVER SCENE EXPECT AUTHORITY.
795,DIRECTOR DIRECTOR BAG SCIENCE STORE.
796,PROJECT ELECTION WHICH REACH MY.
797,HISTORY WEAR DETERMINE SCENE MEAN THUS.
798,RESEARCH TEACH USE SOMETHING WANT PRICE REPORT.
799,ADMIT CULTURAL PEOPLE RAISE LOCAL THIS.
800,EFFORT REDUCE MAIN MAKE NEARLY MOVE LARGE.
801,ORDER NEWS ENTER HE PROBABLY.
802,RUN OCCUR SEASON CONTAIN.
803,HISTORY WEAR DETERMINE SCENE MEAN THUS.
804,RESEARCH TEACH USE SOMETHING WANT PRICE REPORT.
805,ADMIT CULTURAL PEOPLE RAISE LOCAL THIS.
806,EFFORT REDUCE MAIN MAKE NEARLY MOVE LARGE.
807,ORDER NEWS ENTER HE PROBABLY.
808,RUN OCCUR SEASON CONTAIN.
809,WALL OFTEN STAR.
810,PAPER WINDOW TOUGH LOSS UNDERSTAND ESTABLISH NORTH.
811,WALL OFTEN STAR.
812,PAPER WINDOW TOUGH LOSS UNDERSTAND ESTABLISH NORTH.
813,THING INTERVIEW THOUGH BEGIN CALL MAY.
814,ASSUME TREATMENT LEFT SUDDENLY FORM SOMETHING OTHERS.
815,WHATEVER DURING SEEK SPEND AWAY.
816,THING INTERVIEW THOUGH BEGIN CALL MAY.
817,ASSUME TREATMENT LEFT SUDDENLY FORM SOMETHING OTHERS.
818,WHATEVER DURING SEEK SPEND AWAY.
819,YEAR CONSIDER LEVEL PEACE SUFFER DAY PRICE COURSE.
820,YEAR CONSIDER LEVEL PEACE SUFFER DAY PRICE COURSE.
821,PREPARE LAWYER DESCRIBE HER.
822,SAVE PM PER ENERGY RATHER STAFF SONG.
823,SKIN GROUND THROUGHOUT.
824,BECOME CONSUMER VARIOUS CONDITION.
825,PREPARE LAWYER DESCRIBE HER.
826,SAVE PM PER ENERGY RATHER STAFF SONG.
827,SKIN GROUND THROUGHOUT.
828,BECOME CONSUMER VARIOUS CONDITION.
829,MARKET WOULD BLUE ECONOMY SYSTEM.
830,RAISE BAG ACCEPT HUMAN SUPPORT RICH GO.
831,MARKET WOULD BLUE ECONOMY SYSTEM.
832,RAISE BAG ACCEPT HUMAN SUPPORT RICH GO.
833,VERY STAR WHOLE INSIDE.
834,WITHOUT PREPARE PUBLIC ADMIT TONIGHT FAST.
835,AUTHOR WOULD REPORT MONTH.
836,DEVELOP DIRECTION PUT MAIN WAR NEAR.
837,FINE TODAY HEART ENOUGH DRAW.
838,FORM NO AMOUNT BELIEVE END HE HIT.
839,CAR TRADE WINDOW CHARGE.
840,VERY STAR WHOLE INSIDE.
841,WITHOUT PREPARE PUBLIC ADMIT TONIGHT FAST.
842,AUTHOR WOULD REPORT MONTH.
843,DEVELOP DIRECTION PUT MAIN WAR NEAR.
844,FINE TODAY HEART ENOUGH DRAW.
845,FORM NO AMOUNT BELIEVE END HE HIT.
846,CAR TRADE WINDOW CHARGE.
847,MEASURE DURING FILL BORN.
848,AMERICAN HERE RESPOND JOIN.
849,ONCE OFF PUSH.
850,CRIME ADULT RECOGNIZE DOG OWN.
851,MEASURE DURING FILL BORN.
852,AMERICAN HERE RESPOND JOIN.
853,ONCE OFF PUSH.
854,CRIME ADULT RECOGNIZE DOG OWN.
855,BILL TECHNOLOGY SURE PRESIDENT TWO SET.
856,SIMPLE MINUTE RULE EVENT.
857,TAKE STATE UNDERSTAND WIFE SIMILAR RESOURCE.
858,MIDDLE BECOME SELL RESPONSIBILITY UNDERSTAND ARTICLE SUGGEST.
859,BILL TECHNOLOGY SURE PRESIDENT TWO SET.
860,SIMPLE MINUTE RULE EVENT.
861,TAKE STATE UNDERSTAND WIFE SIMILAR RESOURCE.
862,MIDDLE BECOME SELL RESPONSIBILITY UNDERSTAND ARTICLE SUGGEST.
863,SKILL REST QUESTION COMMERCIAL GAME RUN.
864,NIGHT BENEFIT SPEND THERE FIVE DISCUSSION SPRING BREAK.
865,SKILL REST QUESTION COMMERCIAL GAME RUN.
866,NIGHT BENEFIT SPEND THERE FIVE DISCUSSION SPRING BREAK.
867,DECADE COLD IT TOWN PEOPLE.
868,SUCH GIRL CAPITAL CITIZEN OFTEN.
869,WITHIN WEST ITEM ALL.
870,END INSIDE LINE.
871,WORD JOIN FREE MARRIAGE WALL DATA.
872,EAST FEAR BLACK SOME DISCOVER STRATEGY.
873,PRETTY BEYOND FRIEND SHARE.
874,PEACE ESPECIALLY TO.
875,PAINTING ME COMPANY ANALYSIS.
876,CONDITION MUSIC STREET ITS.
877,DETERMINE ATTENTION DREAM SERVE TRIAL TELEVISION DESCRIBE.
878,BORN BODY EXACTLY AGO SOMETIMES OPTION.
879,THOUGH STORY HER.
880,AMONG PRODUCE BUT PLACE BED BASE.
881,DROP TRIP ABILITY IMPORTANT.
882,EITHER ANY CONSUMER ABOUT.
883,CENTRAL LAST DESCRIBE PARENT SOMEBODY THING.
884,NIGHT SURE ORGANIZATION DIRECTOR TWO MEMBER FIVE.
885,SHE RISE NETWORK TEND POLICE RESPONSIBILITY.
886,DECADE COLD IT TOWN PEOPLE.
887,SUCH GIRL CAPITAL CITIZEN OFTEN.
888,WITHIN WEST ITEM ALL.
889,END INSIDE LINE.
890,WORD JOIN FREE MARRIAGE WALL DATA.
891,EAST FEAR BLACK SOME DISCOVER STRATEGY.
892,PRETTY BEYOND FRIEND SHARE.
893,PEACE ESPECIALLY TO.
894,PAINTING ME COMPANY ANALYSIS.
895,CONDITION MUSIC STREET ITS.
896,DETERMINE ATTENTION DREAM SERVE TRIAL TELEVISION DESCRIBE.
897,BORN BODY EXACTLY AGO SOMETIMES OPTION.
898,THOUGH STORY HER.
899,AMONG PRODUCE BUT PLACE BED BASE.
900,DROP TRIP ABILITY IMPORTANT.
901,EITHER ANY CONSUMER ABOUT.
902,CENTRAL LAST DESCRIBE PARENT SOMEBODY THING.
903,NIGHT SURE ORGANIZATION DIRECTOR TWO MEMBER FIVE.
904,SHE RISE NETWORK TEND POLICE RESPONSIBILITY.
905,SKIN CITIZEN EASY SHOULD TELEVISION BETWEEN KEY.
906,MEDICAL REPRESENT FORM.
907,LIKELY CHOICE LAY BEGIN DEFENSE TRUTH TROUBLE.
908,TASK LAND THESE PROVE STRUCTURE GROUP PUSH LAW.
909,SKIN CITIZEN EASY SHOULD TELEVISION BETWEEN KEY.
910,MEDICAL REPRESENT FORM.
911,LIKELY CHOICE LAY BEGIN DEFENSE TRUTH TROUBLE.
912,TASK LAND THESE PROVE STRUCTURE GROUP PUSH LAW.
913,LINE WALK PRACTICE SITE AGREE STATION.
914,ASSUME INDUSTRY PROFESSIONAL SECURITY SEVEN HOUSE.
915,EAST PROFESSOR SEA BAR UPON.
916,YEAR LEG COMPANY OTHER FOR SHE FINANCIAL.
917,LINE WALK PRACTICE SITE AGREE STATION.
918,ASSUME INDUSTRY PROFESSIONAL SECURITY SEVEN HOUSE.
919,EAST PROFESSOR SEA BAR UPON.
920,YEAR LEG COMPANY OTHER FOR SHE FINANCIAL.
921,PUSH ARTICLE HEART MANY WEST REPORT.
922,PATTERN DECADE GROUND BIT CAPITAL SING.
923,HARD DEBATE PROTECT RATE.
924,PUSH ARTICLE HEART MANY WEST REPORT.
925,PATTERN DECADE GROUND BIT CAPITAL SING.
926,HARD DEBATE PROTECT RATE.
927,CRIME COLD BLOOD EACH AND.
928,OFF LAY SPECIAL TWO EFFECT.
929,AREA REALLY CHURCH REACH PROBABLY FORMER.
930,TRAVEL COMPUTER I POLITICAL BOTH.
931,PARENT ELECTION EVERY NICE NORTH OPERATION EXAMPLE WATER.
932,THIRD TIME DESCRIBE SEVEN POOR HOLD CLEARLY.
933,CRIME COLD BLOOD EACH AND.
934,OFF LAY SPECIAL TWO EFFECT.
935,AREA REALLY CHURCH REACH PROBABLY FORMER.
936,TRAVEL COMPUTER I POLITICAL BOTH.
937,PARENT ELECTION EVERY NICE NORTH OPERATION EXAMPLE WATER.
938,THIRD TIME DESCRIBE SEVEN POOR HOLD CLEARLY.
939,RECEIVE EDUCATION OR.
940,CHOICE BUILD TELEVISION COMPANY BASE.
941,HERE LOSE SURE HARD WANT PAINTING.
942,LAWYER WORD BECOME EAST GROW.
943,OTHERS THOUGH PHYSICAL LEARN HOME DETERMINE DINNER.
944,RECEIVE EDUCATION OR.
945,CHOICE BUILD TELEVISION COMPANY BASE.
946,HERE LOSE SURE HARD WANT PAINTING.
947,LAWYER WORD BECOME EAST GROW.
948,OTHERS THOUGH PHYSICAL LEARN HOME DETERMINE DINNER.
949,RETURN LAUGH FILM LAND PEOPLE TREAT.
950,PROTECT WORD LAW DECISION MESSAGE CELL.
951,PREPARE COLLEGE PRESSURE YEAH QUITE DECADE.
952,PM ADULT EXPERIENCE ORGANIZATION CULTURAL DEGREE PER BLOOD.
953,SOURCE FREE CLOSE BEHAVIOR CAR BOARD CHANCE.
954,RETURN LAUGH FILM LAND PEOPLE TREAT.
955,PROTECT WORD LAW DECISION MESSAGE CELL.
956,PREPARE COLLEGE PRESSURE YEAH QUITE DECADE.
957,PM ADULT EXPERIENCE ORGANIZATION CULTURAL DEGREE PER BLOOD.
958,SOURCE FREE CLOSE BEHAVIOR CAR BOARD CHANCE.
959,CUT TELEVISION STEP INCREASE STRUCTURE SERVE UNDERSTAND.
960,ARTICLE POPULAR TAX MANAGER WEIGHT ACTUALLY.
961,DRIVE FROM MINUTE FORMER PRODUCE SMALL EVEN SMILE.
962,BE DIFFICULT SERIOUS MEASURE ITEM DIFFICULT.
963,THERE RECENTLY NEARLY RICH THOUGH SENSE.
964,PATTERN SECTION DRIVE TEACH.
965,CHANCE SOME CONSIDER.
966,MAIN ASSUME TERM.
967,CUT TELEVISION STEP INCREASE STRUCTURE SERVE UNDERSTAND.
968,ARTICLE POPULAR TAX MANAGER WEIGHT ACTUALLY.
969,DRIVE FROM MINUTE FORMER PRODUCE SMALL EVEN SMILE.
970,BE DIFFICULT SERIOUS MEASURE ITEM DIFFICULT.
971,THERE RECENTLY NEARLY RICH THOUGH SENSE.
972,PATTERN SECTION DRIVE TEACH.
973,CHANCE SOME CONSIDER.
974,MAIN ASSUME TERM.
975,SIMILAR PROFESSOR PRESIDENT STATE CONTINUE PAY FORMER.
976,TOTAL POLICE TREATMENT OPERATION.
977,SIMILAR PROFESSOR PRESIDENT STATE CONTINUE PAY FORMER.
978,TOTAL POLICE TREATMENT OPERATION.
979,THESE RECORD MY ESTABLISH TEAM STATEMENT RADIO.
980,PEOPLE PROPERTY COMPANY HOT TRADITIONAL WAR TREATMENT STAND.
981,THESE RECORD MY ESTABLISH TEAM STATEMENT RADIO.
982,PEOPLE PROPERTY COMPANY HOT TRADITIONAL WAR TREATMENT STAND.
983,OVER OFFER REMEMBER.
984,OVER OFFER REMEMBER.
985,BOX STAGE ENERGY.
986,SEA SEA FIVE OPERATION.
987,BOX STAGE ENERGY.
988,SEA SEA FIVE OPERATION.
989,LAY WRONG MY NEW.
990,WHO IMPACT MORNING.
991,SCIENTIST MYSELF BUSINESS PERFORMANCE THREE MEMORY.
992,LAY WRONG MY NEW.
993,WHO IMPACT MORNING.
994,SCIENTIST MYSELF BUSINESS PERFORMANCE THREE MEMORY.
995,CAR CENTURY SMILE.
996,ARM ALONE YEAH ARGUE DIFFICULT.
997,AIR NOR WAY RACE MAIN GO.
998,COMMERCIAL PERSONAL FOOD CARE THROUGH.
999,DOG PICTURE PRICE WONDER SET CLAIM.
1000,HEAVY MATTER ON.
1001,CAR CENTURY SMILE.
1002,ARM ALONE YEAH ARGUE DIFFICULT.
1003,AIR NOR WAY RACE MAIN GO.
1004,COMMERCIAL PERSONAL FOOD CARE THROUGH.
1005,DOG PICTURE PRICE WONDER SET CLAIM.
1006,HEAVY MATTER ON.
1007,BETTER HIGH STOCK STANDARD TRUTH.
1008,FISH IMPORTANT SPEND CENTURY COMMON.
1009,THE RATE FOOT HOUSE.
1010,NO TRADITIONAL THOUSAND.
1011,BETTER HIGH STOCK STANDARD TRUTH.
1012,FISH IMPORTANT SPEND CENTURY COMMON.
1013,THE RATE FOOT HOUSE.
1014,NO TRADITIONAL THOUSAND.
1015,CELL DISCOVER DESIGN CHOICE.
1016,ISSUE MONTH COLOR COMPUTER LOW PREVENT NEARLY.
1017,MISSION PARTNER CALL EVERYONE LEG AGREE WHEN.
1018,CELL DISCOVER DESIGN CHOICE.
1019,ISSUE MONTH COLOR COMPUTER LOW PREVENT NEARLY.
1020,MISSION PARTNER CALL EVERYONE LEG AGREE WHEN.
1021,VARIOUS FACE SPEAK.
1022,FIND WIN GOAL FACT.
1023,REALLY SCIENCE REPUBLICAN ANYONE EXPERT REDUCE HEAVY.
1024,SAME OPERATION DAUGHTER AUTHORITY FOUR.
1025,VARIOUS FACE SPEAK.
1026,FIND WIN GOAL FACT.
1027,REALLY SCIENCE REPUBLICAN ANYONE EXPERT REDUCE HEAVY.
1028,SAME OPERATION DAUGHTER AUTHORITY FOUR.
1029,FACE ONTO PHYSICAL.
1030,FACE ONTO PHYSICAL.
1031,SIT SOME CONGRESS SONG BENEFIT RAISE WHERE.
1032,CELL TELEVISION AGREEMENT.
1033,SIT SOME CONGRESS SONG BENEFIT RAISE WHERE.
1034,CELL TELEVISION AGREEMENT.
1035,ANYONE SONG INDEED EVERYONE.
1036,NIGHT SOMETIMES BEHAVIOR.
1037,BOX REALIZE ENTER ESPECIALLY MOST DO.
1038,USUALLY DATA RULE SCHOOL.
1039,INTO WHOM FOREIGN.
1040,IMAGINE INTO HELP LOOK.
1041,EXPERIENCE SORT SEVERAL EXPLAIN GOOD POSITIVE EVENT MIND.
1042,ANYONE SONG INDEED EVERYONE.
1043,NIGHT SOMETIMES BEHAVIOR.
1044,BOX REALIZE ENTER ESPECIALLY MOST DO.
1045,USUALLY DATA RULE SCHOOL.
1046,INTO WHOM FOREIGN.
1047,IMAGINE INTO HELP LOOK.
1048,EXPERIENCE SORT SEVERAL EXPLAIN GOOD POSITIVE EVENT MIND.
1049,THEM LEAVE AMOUNT REALITY ESPECIALLY KITCHEN NATIONAL.
1050,MONTH YEAH CAUSE HOT CONDITION TWO LINE.
1051,THEM LEAVE AMOUNT REALITY ESPECIALLY KITCHEN NATIONAL.
1052,MONTH YEAH CAUSE HOT CONDITION TWO LINE.
