UserID,Name,Age
1,8/7Ve9+kFKVdD2YlgrLnXA==,77
2,xGFBbBAQ7NHTUfzGY4dfyw==,77
3,vi/dkCPuvcZ+dlsog0MHSg==,77
4,m6Es0M8ymZ4zkwkMKyqfNg==,77
5,Xj2AmLg2PFLLhP+3gsXgoQOVhGkHiVUQ2+VAHQ064nQ=,77
6,8/7Ve9+kFKVdD2YlgrLnXA==,77
7,xGFBbBAQ7NHTUfzGY4dfyw==,77
8,vi/dkCPuvcZ+dlsog0MHSg==,77
9,m6Es0M8ymZ4zkwkMKyqfNg==,77
10,Xj2AmLg2PFLLhP+3gsXgoQOVhGkHiVUQ2+VAHQ064nQ=,77
11,uy752WpEGR0Efv7hBbMEob2e4y0gDtwVlTd52eaJTAs=,64
12,/+WRLDNZI2vnumRFb7GJuw==,89
13,N7qbS2rYRgZhNnd6N8yIsw==,65
14,IGgiisSU+K8pIhRtWT/n6w==,42
15,FgymP7CxiHFvgQRXYTgKyA==,65
16,uy752WpEGR0Efv7hBbMEob2e4y0gDtwVlTd52eaJTAs=,64
17,/+WRLDNZI2vnumRFb7GJuw==,89
18,N7qbS2rYRgZhNnd6N8yIsw==,65
19,IGgiisSU+K8pIhRtWT/n6w==,42
20,FgymP7CxiHFvgQRXYTgKyA==,65
21,dePM6gLJA6UZgFMtuggruQ==,25
22,4aX/q8z4S0WN10Rt0+sBzA==,25
23,YkV+vvWQrF5cYSqO9w31+Q==,25
24,nsSt7Z8BbUAzh2JN5gurBA==,25
25,o6L0aaT8jwbnaHB9onv3EnNoq+ebBYr5cZUMgDKVgfA=,25
26,dePM6gLJA6UZgFMtuggruQ==,25
27,4aX/q8z4S0WN10Rt0+sBzA==,25
28,YkV+vvWQrF5cYSqO9w31+Q==,25
29,nsSt7Z8BbUAzh2JN5gurBA==,25
30,o6L0aaT8jwbnaHB9onv3EnNoq+ebBYr5cZUMgDKVgfA=,25
31,67d70wDiXA3H96QQenTPKQ==,24
32,5mFCCvpwnF0pfVx03Sc7sg==,24
33,3oc2yIaQ2SL/bclB+PXibw==,24
34,67d70wDiXA3H96QQenTPKQ==,24
35,5mFCCvpwnF0pfVx03Sc7sg==,24
36,3oc2yIaQ2SL/bclB+PXibw==,24
37,e+5x5njRd3ggUpu07Crs7A==,20
38,I9bTyG/vO3Qi331bNLleVg==,20
39,+vvcj382crFa9f1sh5DNOg==,20
40,e+5x5njRd3ggUpu07Crs7A==,20
41,I9bTyG/vO3Qi331bNLleVg==,20
42,+vvcj382crFa9f1sh5DNOg==,20
43,SH/VpBYaaxQGJPaH7cD1GA==,51
44,qpCBPaPfj6p2Y8+m2u++Vg==,51
45,m9zIrVfYEKk0TdfMkuOttg==,51
46,g9hCECCw3O7jfyRSU4Cf0g==,51
47,7aR9Vk4eJ8UWhd5k8MRZsQ==,51
48,SH/VpBYaaxQGJPaH7cD1GA==,51
49,qpCBPaPfj6p2Y8+m2u++Vg==,51
50,m9zIrVfYEKk0TdfMkuOttg==,51
51,g9hCECCw3O7jfyRSU4Cf0g==,51
52,7aR9Vk4eJ8UWhd5k8MRZsQ==,51
53,kNUWgz5NhhkNPerH3FwEdg==,85
54,MYD01BnILrNjLT1woeS+Tw==,85
55,kNUWgz5NhhkNPerH3FwEdg==,85
56,MYD01BnILrNjLT1woeS+Tw==,85
57,X80Jz48BmMJfTDse2ejGiQ==,79
58,kwlx+mshOmCtE3cxCtwKFg==,79
59,M+QuAvheNsq9vMPaITFhgA==,79
60,nqOlr9DtwzJHZWO2dGlCjQ==,79
61,X80Jz48BmMJfTDse2ejGiQ==,79
62,kwlx+mshOmCtE3cxCtwKFg==,79
63,M+QuAvheNsq9vMPaITFhgA==,79
64,nqOlr9DtwzJHZWO2dGlCjQ==,79
65,oZ0NoyjXD6jL7htlkBmeGg==,29
66,Wx/93vKZvdekSuaMBzbIsw==,29
67,W852Dan6jMXWAAXD/3bwhei4XA9bla3fKXE0Hd3fq1s=,29
68,pEINu0P7jU1RmNrkY5cN672e4y0gDtwVlTd52eaJTAs=,43
69,ATxTfEH/EhCd6LzCQkeDAA==,16
70,RjkDIp8Mq9HcbmrkPD/wwQ==,29
71,oZ0NoyjXD6jL7htlkBmeGg==,29
72,Wx/93vKZvdekSuaMBzbIsw==,29
73,W852Dan6jMXWAAXD/3bwhei4XA9bla3fKXE0Hd3fq1s=,29
74,pEINu0P7jU1RmNrkY5cN672e4y0gDtwVlTd52eaJTAs=,43
75,ATxTfEH/EhCd6LzCQkeDAA==,16
76,RjkDIp8Mq9HcbmrkPD/wwQ==,29
77,kpK6vLo8KrBQA4XwX3psig==,13
78,EsDvHnJFbiqW0Hy3AA5sNw==,13
79,Z23j9liFYFDu6AhGTDs5cg==,13
80,+wHSGtydp3bg7yrBW8bhLg==,13
81,kpK6vLo8KrBQA4XwX3psig==,13
82,EsDvHnJFbiqW0Hy3AA5sNw==,13
83,Z23j9liFYFDu6AhGTDs5cg==,13
84,+wHSGtydp3bg7yrBW8bhLg==,13
85,P4+fCHLx0UsYo+yUrRxgFQ==,59
86,UX77SPt1b2wFesVHOIyIEQ==,24
87,LEGCzkWFLpbr9ce/5Mk4Mw==,41
88,Q3X220jc8aMcbbFgm05Yxg==,41
89,P4+fCHLx0UsYo+yUrRxgFQ==,59
90,UX77SPt1b2wFesVHOIyIEQ==,24
91,LEGCzkWFLpbr9ce/5Mk4Mw==,41
92,Q3X220jc8aMcbbFgm05Yxg==,41
93,9zqs+CXPFmBazvaeSwjH43Noq+ebBYr5cZUMgDKVgfA=,97
94,pRnNY7iDMnpmuj9pR4mnhQ==,97
95,29+05ae457hMrlBXwJdnYg==,97
96,9zqs+CXPFmBazvaeSwjH43Noq+ebBYr5cZUMgDKVgfA=,97
97,pRnNY7iDMnpmuj9pR4mnhQ==,97
98,29+05ae457hMrlBXwJdnYg==,97
99,h/I3d+WcG7p5VfV5onM+LQ==,47
100,VALaVhXxxLPmwvaPDeWKWQ==,47
101,pOblA1Xwx1lv6r9YPPbmMQ==,47
102,h/I3d+WcG7p5VfV5onM+LQ==,47
103,VALaVhXxxLPmwvaPDeWKWQ==,47
104,pOblA1Xwx1lv6r9YPPbmMQ==,47
105,JcUgaocHDbnqFIM9fLu6nQ==,37
106,VofoTHwhU4AcdtUeBFrjyw==,22
107,Vmv+GyUCkZgHDYOpqNm7JA==,37
108,BMDath+j/DCrAv0dz2mJrA==,53
109,JcUgaocHDbnqFIM9fLu6nQ==,37
110,VofoTHwhU4AcdtUeBFrjyw==,22
111,Vmv+GyUCkZgHDYOpqNm7JA==,37
112,BMDath+j/DCrAv0dz2mJrA==,53
113,/AU224kmnRZmSzjwGdQcRQ==,87
114,jnTNOWJzWBvySpmZxa9Irg==,87
115,/AU224kmnRZmSzjwGdQcRQ==,87
116,jnTNOWJzWBvySpmZxa9Irg==,87
117,mNoTzC+Nfikb/w5MzL4Xow==,34
118,8ylXVk/1FaNHXJp6ugF4QQ==,67
119,lXcV41OEDlxXKhWrT/7n8Q==,76
120,YO+9dB3GqFlNBgbKYDRwuQ==,92
121,8hnPYdGNmpeFw+uwrOSwEQ==,67
122,mNoTzC+Nfikb/w5MzL4Xow==,34
123,8ylXVk/1FaNHXJp6ugF4QQ==,67
124,lXcV41OEDlxXKhWrT/7n8Q==,76
125,YO+9dB3GqFlNBgbKYDRwuQ==,92
126,8hnPYdGNmpeFw+uwrOSwEQ==,67
127,cHkPi8cZnKG+QYAW4Ia5txuoeFh+2IISSKtEWEWqqiI=,27
128,cHkPi8cZnKG+QYAW4Ia5txuoeFh+2IISSKtEWEWqqiI=,27
129,r/meQj+49/pihNojhYHaMHNoq+ebBYr5cZUMgDKVgfA=,21
130,CAW24p1KDy1eO8KrDlF2ZA==,21
131,r/meQj+49/pihNojhYHaMHNoq+ebBYr5cZUMgDKVgfA=,21
132,CAW24p1KDy1eO8KrDlF2ZA==,21
133,HUxZ/0KQiajB6x3yqlL57Q==,95
134,qHZqigEP2RGlFM+d6MGwFg==,95
135,M+R8u5bDD8ibJdnfZDtzlA==,95
136,HUxZ/0KQiajB6x3yqlL57Q==,95
137,qHZqigEP2RGlFM+d6MGwFg==,95
138,M+R8u5bDD8ibJdnfZDtzlA==,95
139,4kw1j3aiNuVFJwyQ1aCeSQ==,99
140,4kw1j3aiNuVFJwyQ1aCeSQ==,99
141,Z9GM8hOzvMeU1yRN5msBLw==,37
142,jsTQqpGEKHXjlEFlW1MdN+i4XA9bla3fKXE0Hd3fq1s=,37
143,a6RdyOkaWGetna99ek+gSQ==,37
144,JtYJjvxPfoF2QNXDodH5Mg==,37
145,Z9GM8hOzvMeU1yRN5msBLw==,37
146,jsTQqpGEKHXjlEFlW1MdN+i4XA9bla3fKXE0Hd3fq1s=,37
147,a6RdyOkaWGetna99ek+gSQ==,37
148,JtYJjvxPfoF2QNXDodH5Mg==,37
149,sAujatuaWCmNXZyLsD09tw==,41
150,3SQAKvmjpkYwlnG9nL5VSw==,41
151,7YoQCbO7D4gpaowXXbhfcA==,41
152,sAujatuaWCmNXZyLsD09tw==,41
153,3SQAKvmjpkYwlnG9nL5VSw==,41
154,7YoQCbO7D4gpaowXXbhfcA==,41
155,ex8r0PBLOdzbXQdmpNXk0w==,39
156,p/G1wBVww/YiWyDMKmAlXw==,39
157,mKEdY8o4nDlfbf6LqkGOVQ==,25
158,cDandS+yQLqXTYuP4DO6PA==,39
159,nCLoz0QetK7h6qvXodIisQ==,39
160,+VjRoo9gblvSGtg3SJoazA==,39
161,qGacWG4eCTr0wNFK21lxig==,53
162,EI+xWbWJGB8OI5GEOgQzjA==,39
163,ex8r0PBLOdzbXQdmpNXk0w==,39
164,p/G1wBVww/YiWyDMKmAlXw==,39
165,mKEdY8o4nDlfbf6LqkGOVQ==,25
166,cDandS+yQLqXTYuP4DO6PA==,39
167,nCLoz0QetK7h6qvXodIisQ==,39
168,+VjRoo9gblvSGtg3SJoazA==,39
169,qGacWG4eCTr0wNFK21lxig==,53
170,EI+xWbWJGB8OI5GEOgQzjA==,39
171,m907/NLUwQfBHzAvKYC01w==,46
172,p7dP3BXRcleYi1CrsDqpuXNoq+ebBYr5cZUMgDKVgfA=,46
173,KTJUZergmHEJQh0n1PXcvg==,46
174,P0R9b3rp7PMa7nDqJ1W7YXNoq+ebBYr5cZUMgDKVgfA=,46
175,m907/NLUwQfBHzAvKYC01w==,46
176,p7dP3BXRcleYi1CrsDqpuXNoq+ebBYr5cZUMgDKVgfA=,46
177,KTJUZergmHEJQh0n1PXcvg==,46
178,P0R9b3rp7PMa7nDqJ1W7YXNoq+ebBYr5cZUMgDKVgfA=,46
179,u7MotvtIxMSjRumoNN5teQ==,19
180,Dv3oYhvpartjR9ABDLYS7g==,19
181,86NfE18ad378DbRbg4m7dQ==,19
182,L5Su8xVgLkdF15VQDqwojA==,19
183,B/jkqjpP+6aCqqpSrWiFAQ==,19
184,WGVYTvaL/rz9J8hlF982dw==,19
185,u7MotvtIxMSjRumoNN5teQ==,19
186,Dv3oYhvpartjR9ABDLYS7g==,19
187,86NfE18ad378DbRbg4m7dQ==,19
188,L5Su8xVgLkdF15VQDqwojA==,19
189,B/jkqjpP+6aCqqpSrWiFAQ==,19
190,WGVYTvaL/rz9J8hlF982dw==,19
191,WED0suRRpXt2Q2QtDpYpBA==,63
192,7BJRt8C3ddxmxR4zTWNbMg==,63
193,csiaqrzMsr6VNe9rn1wtng==,63
194,WED0suRRpXt2Q2QtDpYpBA==,63
195,7BJRt8C3ddxmxR4zTWNbMg==,63
196,csiaqrzMsr6VNe9rn1wtng==,63
197,ew0UoYkxWgrHjaG0rBpDwQ==,40
198,lASYFMnbruDzzxcQBGuYVXNoq+ebBYr5cZUMgDKVgfA=,40
199,bX57bRbjyzTML2/5sZN2iQ==,40
200,EhKkNp1BcUuYYiAQciF2iA==,40
201,ew0UoYkxWgrHjaG0rBpDwQ==,40
202,lASYFMnbruDzzxcQBGuYVXNoq+ebBYr5cZUMgDKVgfA=,40
203,bX57bRbjyzTML2/5sZN2iQ==,40
204,EhKkNp1BcUuYYiAQciF2iA==,40
205,uAs+Z7MhgG8tVoU7EYxgJnNoq+ebBYr5cZUMgDKVgfA=,32
206,TJFwn8LlXLMQ9uFRrtjTNg==,46
207,KOXOn5czJ/iAxdcOGD67XivQdcFV3yD7pnDdVJnO/r8=,60
208,uAs+Z7MhgG8tVoU7EYxgJnNoq+ebBYr5cZUMgDKVgfA=,32
209,TJFwn8LlXLMQ9uFRrtjTNg==,46
210,KOXOn5czJ/iAxdcOGD67XivQdcFV3yD7pnDdVJnO/r8=,60
211,DYt4eri0X7Fu096/IDEVuA==,44
212,7vqApJMsTsuw8iU4Hq404g==,80
213,iEsujVHlDXfznOC+VxBzOQ==,80
214,j86nq9nE9ytnA7g5Ew7KJLHdYYw6a7xlehGeMxLqP24=,80
215,DYt4eri0X7Fu096/IDEVuA==,44
216,7vqApJMsTsuw8iU4Hq404g==,80
217,iEsujVHlDXfznOC+VxBzOQ==,80
218,j86nq9nE9ytnA7g5Ew7KJLHdYYw6a7xlehGeMxLqP24=,80
219,DeHi/RwQ/nrm6dDC7R34pg==,90
220,2b1x5JaKBEw3M0dGtmmf+3Noq+ebBYr5cZUMgDKVgfA=,90
221,DeHi/RwQ/nrm6dDC7R34pg==,90
222,2b1x5JaKBEw3M0dGtmmf+3Noq+ebBYr5cZUMgDKVgfA=,90
223,0UfXAnFZsS0+bNrWwNLoiA==,74
224,H3sfkzkRuMSgiEBCcvbvKA==,74
225,ecr2Z1TcGGLRcwR1sR4+v3Noq+ebBYr5cZUMgDKVgfA=,74
226,0UfXAnFZsS0+bNrWwNLoiA==,74
227,H3sfkzkRuMSgiEBCcvbvKA==,74
228,ecr2Z1TcGGLRcwR1sR4+v3Noq+ebBYr5cZUMgDKVgfA=,74
229,OCnfIW7ksHiuU5X9117aeA==,99
230,6Q7SibSeirELH/PF6P8K0Q==,99
231,FFBd6+WOvWW6yPFbALucVw==,99
232,KB/wHgC1lRU5Dy+pqQwf6ZJIuUXQnueWQj3lMX1AVOI=,99
233,OCnfIW7ksHiuU5X9117aeA==,99
234,6Q7SibSeirELH/PF6P8K0Q==,99
235,FFBd6+WOvWW6yPFbALucVw==,99
236,KB/wHgC1lRU5Dy+pqQwf6ZJIuUXQnueWQj3lMX1AVOI=,99
237,l0s+zlpN6f5sPjyI7OhuQA==,54
238,l0s+zlpN6f5sPjyI7OhuQA==,54
239,05+NyN9P9pe361iobdUT8Q==,42
240,Pu0HDZy5qUnU5L9csOHtog==,42
241,rnwMpSMJ1QLT6hNECa+Hbw==,42
242,05+NyN9P9pe361iobdUT8Q==,42
243,Pu0HDZy5qUnU5L9csOHtog==,42
244,rnwMpSMJ1QLT6hNECa+Hbw==,42
245,CStR84sLpR10Z9ZU9qgGbXNoq+ebBYr5cZUMgDKVgfA=,45
246,U5NYvE5ItU2oLN2bhOuG6A==,45
247,et8mrabEh4QglSU/lPxWxg==,49
248,TNFHkBZL4S4JlmeyIOn3TA==,45
249,nZZ4zKrmpb2K+qLUNUqe+g==,41
250,BwovFqpkpuIMncYRsTzo73Noq+ebBYr5cZUMgDKVgfA=,45
251,CStR84sLpR10Z9ZU9qgGbXNoq+ebBYr5cZUMgDKVgfA=,45
252,U5NYvE5ItU2oLN2bhOuG6A==,45
253,et8mrabEh4QglSU/lPxWxg==,49
254,TNFHkBZL4S4JlmeyIOn3TA==,45
255,nZZ4zKrmpb2K+qLUNUqe+g==,41
256,BwovFqpkpuIMncYRsTzo73Noq+ebBYr5cZUMgDKVgfA=,45
257,QozByEShXxlEBCSwL2m1Eg==,84
258,3VSbvB3XKU/p6CmmkMAVEDUGYZM1tiAvZA4adXgVGCA=,15
259,zZaWL2tDJmwcPEg2tYbcmQ==,49
260,HonirrjvryECHyuUOvOG7Q==,49
261,QozByEShXxlEBCSwL2m1Eg==,84
262,3VSbvB3XKU/p6CmmkMAVEDUGYZM1tiAvZA4adXgVGCA=,15
263,zZaWL2tDJmwcPEg2tYbcmQ==,49
264,HonirrjvryECHyuUOvOG7Q==,49
265,oeYg5H1sF5ayugtaC9IPQw==,42
266,CmVyau83UQrmSFTI+Eb/9g==,52
267,0OPlDAI50/AIRNpizP6VoA==,42
268,vr65V2ncBIhczisKGQCUzQ==,42
269,zkdOiceMJ9gov2Ge+z0uoA==,42
270,KJylkxIy0YbLhuTve1qvPNjFVbh6jp65rJev3MYIYBg=,42
271,w7oA/kFfmGzcB2EQmJErDA==,32
272,oeYg5H1sF5ayugtaC9IPQw==,42
273,CmVyau83UQrmSFTI+Eb/9g==,52
274,0OPlDAI50/AIRNpizP6VoA==,42
275,vr65V2ncBIhczisKGQCUzQ==,42
276,zkdOiceMJ9gov2Ge+z0uoA==,42
277,KJylkxIy0YbLhuTve1qvPNjFVbh6jp65rJev3MYIYBg=,42
278,w7oA/kFfmGzcB2EQmJErDA==,32
279,kuY5UFmt7m8LoXQ1BPCXhpkr51IKLNCboQ2PnL4nM/M=,76
280,oIxSYNQJXSfTx7CP7hB8LHNoq+ebBYr5cZUMgDKVgfA=,77
281,rcBsFYWtMwsJCD/3KwwOdw==,76
282,tJqs6zcoaHnOrq25wZypLA==,63
283,TyZG+Cr8W+vo898DLKbDjw==,88
284,kuY5UFmt7m8LoXQ1BPCXhpkr51IKLNCboQ2PnL4nM/M=,76
285,oIxSYNQJXSfTx7CP7hB8LHNoq+ebBYr5cZUMgDKVgfA=,77
286,rcBsFYWtMwsJCD/3KwwOdw==,76
287,tJqs6zcoaHnOrq25wZypLA==,63
288,TyZG+Cr8W+vo898DLKbDjw==,88
289,vN5Q1Gd7EAa+Xc2aRg5eHA==,89
290,TvQFA/LHuP7s4S0hk1H7xQ==,89
291,6V0qXJrWIlCHQpbtVocCfzUGYZM1tiAvZA4adXgVGCA=,89
292,ULR9c8kdZVLTToi2Rrq6Yg==,89
293,hlzY6w5mOrG6QjsOhoetGdySMmhqyazBXnsma7jXk1w=,89
294,vN5Q1Gd7EAa+Xc2aRg5eHA==,89
295,TvQFA/LHuP7s4S0hk1H7xQ==,89
296,6V0qXJrWIlCHQpbtVocCfzUGYZM1tiAvZA4adXgVGCA=,89
297,ULR9c8kdZVLTToi2Rrq6Yg==,89
298,hlzY6w5mOrG6QjsOhoetGdySMmhqyazBXnsma7jXk1w=,89
299,2hYqcVLUZDy5/x8PSFLowg==,53
300,HvkLpe1gmIfe1bWCAj/s5A==,90
301,uNK/Sq/hT+eGClqhfi0DPw==,53
302,2hYqcVLUZDy5/x8PSFLowg==,53
303,HvkLpe1gmIfe1bWCAj/s5A==,90
304,uNK/Sq/hT+eGClqhfi0DPw==,53
305,64sJvk3soh4S3ewMJuxJ0sUeT+mWD3KsZWJwNP/sNrI=,76
306,zEa9nKI9uVmFF/OLe9nNbpn5hXs4PsWIlepDPK/BiRA=,76
307,G5+ALKjNCFq3WppNw+mT5w==,76
308,JKp282tsGyQ1XjHDINRVvA==,13
309,64sJvk3soh4S3ewMJuxJ0sUeT+mWD3KsZWJwNP/sNrI=,76
310,zEa9nKI9uVmFF/OLe9nNbpn5hXs4PsWIlepDPK/BiRA=,76
311,G5+ALKjNCFq3WppNw+mT5w==,76
312,JKp282tsGyQ1XjHDINRVvA==,13
313,YjdZIuMCYTGHtJORS9j6vQ==,15
314,ef9NCRVcgH8E3luN7/fzWw==,15
315,pw/7/6Pu0vK/5DvMZxnaXQ==,15
316,wJ8zxNpGJ1oGlsjT3EDAgkZyWRNf1aoy7zu1jIZ71Ns=,15
317,YjdZIuMCYTGHtJORS9j6vQ==,15
318,ef9NCRVcgH8E3luN7/fzWw==,15
319,pw/7/6Pu0vK/5DvMZxnaXQ==,15
320,wJ8zxNpGJ1oGlsjT3EDAgkZyWRNf1aoy7zu1jIZ71Ns=,15
321,LBls/WGEfxD782GcYJiQTQ==,25
322,5eeC5Cx4R68bJg/5JIWUfQ==,62
323,l+5nCLh+2mdmSfVC3D8PJg==,100
324,LBls/WGEfxD782GcYJiQTQ==,25
325,5eeC5Cx4R68bJg/5JIWUfQ==,62
326,l+5nCLh+2mdmSfVC3D8PJg==,100
327,cb6DUVsXZDsJIzDQwfpNdw==,63
328,7KRx3BUAbWyuF3NrxLBYmA==,63
329,eJc1H9KPmSn85NGAtHF3UQ==,63
330,NBhQmqg+7CKyy5kk9n7MRXNoq+ebBYr5cZUMgDKVgfA=,63
331,cb6DUVsXZDsJIzDQwfpNdw==,63
332,7KRx3BUAbWyuF3NrxLBYmA==,63
333,eJc1H9KPmSn85NGAtHF3UQ==,63
334,NBhQmqg+7CKyy5kk9n7MRXNoq+ebBYr5cZUMgDKVgfA=,63
335,m3rBHGHk9GVY2vIpiueZxg==,57
336,2XlBnoR7jbSBHV10Pflhng==,57
337,YNhCy+xtQq1KRbO2cKAG7w==,57
338,m3rBHGHk9GVY2vIpiueZxg==,57
339,2XlBnoR7jbSBHV10Pflhng==,57
340,YNhCy+xtQq1KRbO2cKAG7w==,57
341,5Vkb0GWNb0l1Sot51p9OmXNoq+ebBYr5cZUMgDKVgfA=,97
342,1LkdJgCH1izvpw+YmrnsQA==,74
343,GX+c5wP8S5zk6UpbVo1i9Q==,52
344,5Vkb0GWNb0l1Sot51p9OmXNoq+ebBYr5cZUMgDKVgfA=,97
345,1LkdJgCH1izvpw+YmrnsQA==,74
346,GX+c5wP8S5zk6UpbVo1i9Q==,52
347,1xL3/yq/JHZR7NH+UPpcHnNoq+ebBYr5cZUMgDKVgfA=,39
348,kU9RT3q1jjDJj9FLZc+0cw==,39
349,Jd6z34/v/eoumLeILwVYYg==,39
350,9o/gwXP3bavY8twEoBlf4BuoeFh+2IISSKtEWEWqqiI=,39
351,Nt/hznaQMETLi9FjV9Z3oQ==,39
352,yTouNZ2YKqpflIHwrran4w==,46
353,mFM+Iyv22iK2Wwlrbk58PQ==,39
354,7deQb3T0ZgT24mXxptIuJg==,93
355,A9vOuqLEW81cGI6UGou9cw==,39
356,1xL3/yq/JHZR7NH+UPpcHnNoq+ebBYr5cZUMgDKVgfA=,39
357,kU9RT3q1jjDJj9FLZc+0cw==,39
358,Jd6z34/v/eoumLeILwVYYg==,39
359,9o/gwXP3bavY8twEoBlf4BuoeFh+2IISSKtEWEWqqiI=,39
360,Nt/hznaQMETLi9FjV9Z3oQ==,39
361,yTouNZ2YKqpflIHwrran4w==,46
362,mFM+Iyv22iK2Wwlrbk58PQ==,39
363,7deQb3T0ZgT24mXxptIuJg==,93
364,A9vOuqLEW81cGI6UGou9cw==,39
365,ika2wXU7eFio3HC+oCL4aQ==,83
366,feja516B09mJ5noBOJUfhQ==,83
367,hEZcFwACqZd6VlUAnQtRTA==,83
368,T+7X3IqcOSpyyV9NEn9STg==,83
369,ika2wXU7eFio3HC+oCL4aQ==,83
370,feja516B09mJ5noBOJUfhQ==,83
371,hEZcFwACqZd6VlUAnQtRTA==,83
372,T+7X3IqcOSpyyV9NEn9STg==,83
373,+THDq5Gx7nZjWqr/nHnYQA==,32
374,pGSGilntd++X2izwfrVbOvBtK7FyPhycwIpehjuL7t8=,27
375,PU0rtSjgjd4wPRTkLDliYA==,27
376,cyb9QMbgds5wskUYgoSaNg==,22
377,+THDq5Gx7nZjWqr/nHnYQA==,32
378,pGSGilntd++X2izwfrVbOvBtK7FyPhycwIpehjuL7t8=,27
379,PU0rtSjgjd4wPRTkLDliYA==,27
380,cyb9QMbgds5wskUYgoSaNg==,22
381,1th/NhOpssrZz1R+GWJFlPqv/b1eZ1xavX/yrAc2WS0=,94
382,1th/NhOpssrZz1R+GWJFlPqv/b1eZ1xavX/yrAc2WS0=,94
383,ZosrkV2/Fk6bl2M0iWYcCA==,39
384,ZosrkV2/Fk6bl2M0iWYcCA==,39
385,gw+WgcSdxKe4zP0Nj+ibJA==,55
386,e7UnEO+6M4Z+ToWye63NXQ==,55
387,gw+WgcSdxKe4zP0Nj+ibJA==,55
388,e7UnEO+6M4Z+ToWye63NXQ==,55
389,jZO5FV1ZEIhizK3WRqMOfw==,26
390,UNgXvfLFnW8bqFzpsNadgg==,30
391,8CZcuy0c/EPfDEPmsG0XIA==,30
392,bsxHTle+O0et7HHm2iU/XA==,30
393,DNF2UliDg8vsENVLl3tfznNoq+ebBYr5cZUMgDKVgfA=,30
394,YdF/HfR6fA3moV0AWjTinHNoq+ebBYr5cZUMgDKVgfA=,23
395,usvrKoWl7hwGigGJ0Swoww==,30
396,vkM8bbweH0whH/0l4JJqig==,41
397,jZO5FV1ZEIhizK3WRqMOfw==,26
398,UNgXvfLFnW8bqFzpsNadgg==,30
399,8CZcuy0c/EPfDEPmsG0XIA==,30
400,bsxHTle+O0et7HHm2iU/XA==,30
401,DNF2UliDg8vsENVLl3tfznNoq+ebBYr5cZUMgDKVgfA=,30
402,YdF/HfR6fA3moV0AWjTinHNoq+ebBYr5cZUMgDKVgfA=,23
403,usvrKoWl7hwGigGJ0Swoww==,30
404,vkM8bbweH0whH/0l4JJqig==,41
405,q1KDqAGfyzbTHFcDKvUbkA==,51
406,MiOuDkbllPmoLysSGX8bqg==,69
407,+aeuXQbjucVLYMmz5GIaMw==,34
408,q1KDqAGfyzbTHFcDKvUbkA==,51
409,MiOuDkbllPmoLysSGX8bqg==,69
410,+aeuXQbjucVLYMmz5GIaMw==,34
411,D7oeCCiOoeQbCuRxZRuiXS74ZoC2VMNZRfkQrMK9kn4=,34
412,EMDzRCh5d0+GAHOFQwvOYw==,17
413,U6NdDDAS5sgDuhFuv/nDeA==,23
414,M3+PoZ0a/X68AdcJSRF0pA==,64
415,D7oeCCiOoeQbCuRxZRuiXS74ZoC2VMNZRfkQrMK9kn4=,34
416,EMDzRCh5d0+GAHOFQwvOYw==,17
417,U6NdDDAS5sgDuhFuv/nDeA==,23
418,M3+PoZ0a/X68AdcJSRF0pA==,64
419,hY1y5LZM6xxgmS8dP8ugQJVG1P9LMgxJx5JWH4Q47+s=,52
420,hY1y5LZM6xxgmS8dP8ugQJVG1P9LMgxJx5JWH4Q47+s=,52
421,/rDLNMFJCec09qwekJJqg3Noq+ebBYr5cZUMgDKVgfA=,58
422,EQ4ZWEZxqLIbVwbJfUBFng==,58
423,Be4dtK1yQIpcfAXj3kB7nw==,58
424,/rDLNMFJCec09qwekJJqg3Noq+ebBYr5cZUMgDKVgfA=,58
425,EQ4ZWEZxqLIbVwbJfUBFng==,58
426,Be4dtK1yQIpcfAXj3kB7nw==,58
427,YDrpgD7+EyMh8b6mCrW09Q==,30
428,ivjpPO5ZYV1wbOe4BdP9iQ==,30
429,G+9sBlQJZJwSTEyR78CeAA==,30
430,YDrpgD7+EyMh8b6mCrW09Q==,30
431,ivjpPO5ZYV1wbOe4BdP9iQ==,30
432,G+9sBlQJZJwSTEyR78CeAA==,30
433,jirK4T9XDdzRAfk5vjbANXNoq+ebBYr5cZUMgDKVgfA=,85
434,eNgcWJAoAmfx9IXsMRRMEg==,85
435,nzJgUSJunvBNviy88FbFwnNoq+ebBYr5cZUMgDKVgfA=,85
436,IiASmGbqiPydxz7zNKLApQ==,85
437,m7ZL5sFl8PXeZm8NF1krFQ==,85
438,jirK4T9XDdzRAfk5vjbANXNoq+ebBYr5cZUMgDKVgfA=,85
439,eNgcWJAoAmfx9IXsMRRMEg==,85
440,nzJgUSJunvBNviy88FbFwnNoq+ebBYr5cZUMgDKVgfA=,85
441,IiASmGbqiPydxz7zNKLApQ==,85
442,m7ZL5sFl8PXeZm8NF1krFQ==,85
443,NZpBrzv3H9OwdhD+sZFYoHNoq+ebBYr5cZUMgDKVgfA=,19
444,dKfsu9PnM+OzlsHO5knCbg==,17
445,RRylQnTtjgccEr+hzcLIgw==,23
446,sq6HMxCvFuvlLsMJjSFTng==,23
447,dWp+eT9XPKx+qRSw42TQAw==,33
448,vIKRJRKpQa1iG/Jzk7Mq7g==,23
449,NZpBrzv3H9OwdhD+sZFYoHNoq+ebBYr5cZUMgDKVgfA=,19
450,dKfsu9PnM+OzlsHO5knCbg==,17
451,RRylQnTtjgccEr+hzcLIgw==,23
452,sq6HMxCvFuvlLsMJjSFTng==,23
453,dWp+eT9XPKx+qRSw42TQAw==,33
454,vIKRJRKpQa1iG/Jzk7Mq7g==,23
455,A4BFcvwflG6p0cM4KeRl4Q==,69
456,ESWUJAiTZ8Pj5zCMt56xTg==,84
457,U/QXns9E5DCPNbkdEFBY5d+XlNlvSZEe1p89VZsVY24=,84
458,EdR0IQ/pnOw1LGbpXYGG4Q==,84
459,jXa5zGVAVm2ps6My9ku+jHNoq+ebBYr5cZUMgDKVgfA=,89
460,lNjrLyEJFwhO8t9riUhnkg==,84
461,VSk7IpCWwKqZNvZmmUTHWQ==,94
462,A4BFcvwflG6p0cM4KeRl4Q==,69
463,ESWUJAiTZ8Pj5zCMt56xTg==,84
464,U/QXns9E5DCPNbkdEFBY5d+XlNlvSZEe1p89VZsVY24=,84
465,EdR0IQ/pnOw1LGbpXYGG4Q==,84
466,jXa5zGVAVm2ps6My9ku+jHNoq+ebBYr5cZUMgDKVgfA=,89
467,lNjrLyEJFwhO8t9riUhnkg==,84
468,VSk7IpCWwKqZNvZmmUTHWQ==,94
469,veHYoC/mUbnTM1g+cZjGDA==,16
470,KXFSQNwaaUywbxYXvvQ/0Q==,16
471,veHYoC/mUbnTM1g+cZjGDA==,16
472,KXFSQNwaaUywbxYXvvQ/0Q==,16
473,rrQphnek5fnZTY/9IXsYJA==,97
474,3GsvD3YPVrMFeAmSssa6FA==,97
475,+qR9umM1AyYA7PByeWElxA==,97
476,1A33PIvOBebplpQ2LuMoow==,97
477,rrQphnek5fnZTY/9IXsYJA==,97
478,3GsvD3YPVrMFeAmSssa6FA==,97
479,+qR9umM1AyYA7PByeWElxA==,97
480,1A33PIvOBebplpQ2LuMoow==,97
481,3tJAGY31Zkd9wD3WX/UC5w==,82
482,cC6r0FJlNuKtxMTtecx71xuoeFh+2IISSKtEWEWqqiI=,82
483,p+7YUxrlHee0VwshmQVRNw==,82
484,ef7mYc8JQVnL2yrdd5RSFg==,82
485,MiXI9gpMs/fy3RFpCnmNxg==,82
486,3tJAGY31Zkd9wD3WX/UC5w==,82
487,cC6r0FJlNuKtxMTtecx71xuoeFh+2IISSKtEWEWqqiI=,82
488,p+7YUxrlHee0VwshmQVRNw==,82
489,ef7mYc8JQVnL2yrdd5RSFg==,82
490,MiXI9gpMs/fy3RFpCnmNxg==,82
491,CJ0POuWKb1yKNTabSTu7Ow==,52
492,yIiPkXTZe91wxX3MDtABSw==,52
493,ClYgDTVM8r6ZQ20qIg9QZ3Noq+ebBYr5cZUMgDKVgfA=,52
494,CJ0POuWKb1yKNTabSTu7Ow==,52
495,yIiPkXTZe91wxX3MDtABSw==,52
496,ClYgDTVM8r6ZQ20qIg9QZ3Noq+ebBYr5cZUMgDKVgfA=,52
497,srAlJrY8zT3cnc0CpadknnNoq+ebBYr5cZUMgDKVgfA=,64
498,uCRSSIEkKfzRUNbCD4d+LPyC6bq6ZGNxxHkKjRD27xE=,79
499,wc3j0ZGS9Qrd/CEJDNWMsQ==,49
500,srAlJrY8zT3cnc0CpadknnNoq+ebBYr5cZUMgDKVgfA=,64
501,uCRSSIEkKfzRUNbCD4d+LPyC6bq6ZGNxxHkKjRD27xE=,79
502,wc3j0ZGS9Qrd/CEJDNWMsQ==,49
503,tdxZxRLqkf1ykGKkSc9icA==,15
504,wgRaqnS3OwNjfHt89rJMPw==,15
505,Z/Si5rDpwMq2wqy7N6DEBA==,15
506,DRdVvxQVmL7vY+j44JWZGg==,61
507,Q1uxOw4ru3aKlkhvWaot8A==,15
508,tdxZxRLqkf1ykGKkSc9icA==,15
509,wgRaqnS3OwNjfHt89rJMPw==,15
510,Z/Si5rDpwMq2wqy7N6DEBA==,15
511,DRdVvxQVmL7vY+j44JWZGg==,61
512,Q1uxOw4ru3aKlkhvWaot8A==,15
513,nhtkimPHSW1gaa1ZftIixQ==,61
514,1d2kXQp+pzn2ZfmPWmz5XA==,61
515,nhtkimPHSW1gaa1ZftIixQ==,61
516,1d2kXQp+pzn2ZfmPWmz5XA==,61
517,C2sy3fqRVSbZSam/X1dagQ==,97
518,kyDLVF5S9o0xmLCmlDmoqg==,97
519,j+XLmWVSgnco6eUssnnaOA==,97
520,1xwSR9Ff4sBoXwAJ0jxVhA==,97
521,C2sy3fqRVSbZSam/X1dagQ==,97
522,kyDLVF5S9o0xmLCmlDmoqg==,97
523,j+XLmWVSgnco6eUssnnaOA==,97
524,1xwSR9Ff4sBoXwAJ0jxVhA==,97
525,S328tx3ohOI946zFgcRUCQ==,51
526,GEdTBVDAzmiZiGfqC79vSw==,51
527,t7S0sFCRUhOF2432sBSsZg==,51
528,pWLMEVxHG/N89Ja8kLrqTQ==,78
529,HTD2mHyKYK+HioOE82w/3A==,51
530,5tNqxe5s8UdGAWivyq1bzkuwZeSWlcjTEQmY0gIfdjU=,24
531,bEsc5oXvGuxzN1O1qN+nhA==,51
532,S328tx3ohOI946zFgcRUCQ==,51
533,GEdTBVDAzmiZiGfqC79vSw==,51
534,t7S0sFCRUhOF2432sBSsZg==,51
535,pWLMEVxHG/N89Ja8kLrqTQ==,78
536,HTD2mHyKYK+HioOE82w/3A==,51
537,5tNqxe5s8UdGAWivyq1bzkuwZeSWlcjTEQmY0gIfdjU=,24
538,bEsc5oXvGuxzN1O1qN+nhA==,51
539,H7uFy2PFyg+mruufeQGo0w==,13
540,8PzjhWy3vuUG0hqmfkCa0g==,19
541,H7M2uMa0ecf9cGwdkNGLLg==,19
542,O7hUaOo7oFD3Ub7mnyOB7A==,26
543,KA/D4D/8KO6JiqKfp0kF7Q==,19
544,H7uFy2PFyg+mruufeQGo0w==,13
545,8PzjhWy3vuUG0hqmfkCa0g==,19
546,H7M2uMa0ecf9cGwdkNGLLg==,19
547,O7hUaOo7oFD3Ub7mnyOB7A==,26
548,KA/D4D/8KO6JiqKfp0kF7Q==,19
549,M6jJUZhYkdtXXpAl7wmBdw==,59
550,J5AXwW6sxhW2ZvxMTm/TUQ==,52
551,IOzEf/jh0w+cmOssDeTJhQ==,66
552,M6jJUZhYkdtXXpAl7wmBdw==,59
553,J5AXwW6sxhW2ZvxMTm/TUQ==,52
554,IOzEf/jh0w+cmOssDeTJhQ==,66
555,2SrtI4wvMakMhFF0T3rtMnNoq+ebBYr5cZUMgDKVgfA=,52
556,GpLbCCga9L9af7QTizoT4w==,42
557,Snn2evjtFmGQV7S41S+hSw==,52
558,vX/efhCSEl3M25faYI7vbOi4XA9bla3fKXE0Hd3fq1s=,35
559,2SrtI4wvMakMhFF0T3rtMnNoq+ebBYr5cZUMgDKVgfA=,52
560,GpLbCCga9L9af7QTizoT4w==,42
561,Snn2evjtFmGQV7S41S+hSw==,52
562,vX/efhCSEl3M25faYI7vbOi4XA9bla3fKXE0Hd3fq1s=,35
563,38PVGpX7GzEJfmwtqSVN6Q==,31
564,RN+73HQXb2HtcP0LWUf/DQ==,31
565,fctwObRDUpBFLhPEVXqe5g==,31
566,38PVGpX7GzEJfmwtqSVN6Q==,31
567,RN+73HQXb2HtcP0LWUf/DQ==,31
568,fctwObRDUpBFLhPEVXqe5g==,31
569,hGncxPpH9w/544Yw8P/oqHNoq+ebBYr5cZUMgDKVgfA=,48
570,GVPZ7uTxmNM1FzD5hVN0Kw==,21
571,+LbSb+nspM5bo6DAb2gflA==,21
572,hGncxPpH9w/544Yw8P/oqHNoq+ebBYr5cZUMgDKVgfA=,48
573,GVPZ7uTxmNM1FzD5hVN0Kw==,21
574,+LbSb+nspM5bo6DAb2gflA==,21
575,LORUmbKbUZR8vSLogxeTVei4XA9bla3fKXE0Hd3fq1s=,23
576,4HyttEFwZccm9VWSeiyw2Q==,85
577,XSIx67EYbosXeiLTD2V6iA==,54
578,xc9rKxNyvRKOONvrRzMaCQ==,54
579,LORUmbKbUZR8vSLogxeTVei4XA9bla3fKXE0Hd3fq1s=,23
580,4HyttEFwZccm9VWSeiyw2Q==,85
581,XSIx67EYbosXeiLTD2V6iA==,54
582,xc9rKxNyvRKOONvrRzMaCQ==,54
583,sW+TUS3+GHoqUv/PVm6qgw==,32
584,hNR0cEEpeDo3IVOTOycMNA==,32
585,plhbtfFbY4V/3hoSuEXnOg==,32
586,sW+TUS3+GHoqUv/PVm6qgw==,32
587,hNR0cEEpeDo3IVOTOycMNA==,32
588,plhbtfFbY4V/3hoSuEXnOg==,32
589,/UXizL9B9GNKpTGJ1hUEWw==,41
590,oIxSYNQJXSfTx7CP7hB8LHNoq+ebBYr5cZUMgDKVgfA=,41
591,mrOUA2fLYtr6kz+bQ839QQ==,41
592,VSpUba9p0avh7/AqjlurLisGl4aAiAbaSkvNmAWOYJs=,41
593,/UXizL9B9GNKpTGJ1hUEWw==,41
594,oIxSYNQJXSfTx7CP7hB8LHNoq+ebBYr5cZUMgDKVgfA=,41
595,mrOUA2fLYtr6kz+bQ839QQ==,41
596,VSpUba9p0avh7/AqjlurLisGl4aAiAbaSkvNmAWOYJs=,41
597,rCA4uYgt4spvF9uwsZUw6w==,55
598,HfYuN97Ap5fjM1cjb6lpiw==,55
599,rCA4uYgt4spvF9uwsZUw6w==,55
600,HfYuN97Ap5fjM1cjb6lpiw==,55
601,ga+E2/Dyvughxa+7rRyCCQ==,57
602,ga+E2/Dyvughxa+7rRyCCQ==,57
603,NH+W/v6bDQ7hIr49oYt6MjUGYZM1tiAvZA4adXgVGCA=,26
604,aoxShmDNtc/7Kta41KtbJA==,64
605,NH+W/v6bDQ7hIr49oYt6MjUGYZM1tiAvZA4adXgVGCA=,26
606,aoxShmDNtc/7Kta41KtbJA==,64
607,tezwdqVMbBioo06ovKvgvg==,80
608,tu5D4kuufnzEMchnlOoCOnNoq+ebBYr5cZUMgDKVgfA=,86
609,tezwdqVMbBioo06ovKvgvg==,80
610,tu5D4kuufnzEMchnlOoCOnNoq+ebBYr5cZUMgDKVgfA=,86
611,p5GeXJxWmsU4T0WlQBm8NHNoq+ebBYr5cZUMgDKVgfA=,59
612,WsRk25GOgG4NjkgqaZ5L0Q==,66
613,BPhgZmBX4sBmfgv0rALm1w==,66
614,yX5ndOEtNCtT85MGuiwP4hQxkQaxQzaqXzWOOjfDqXU=,66
615,B9AEqBsKGSRf29c3VWQH1HNoq+ebBYr5cZUMgDKVgfA=,66
616,p5GeXJxWmsU4T0WlQBm8NHNoq+ebBYr5cZUMgDKVgfA=,59
617,WsRk25GOgG4NjkgqaZ5L0Q==,66
618,BPhgZmBX4sBmfgv0rALm1w==,66
619,yX5ndOEtNCtT85MGuiwP4hQxkQaxQzaqXzWOOjfDqXU=,66
620,B9AEqBsKGSRf29c3VWQH1HNoq+ebBYr5cZUMgDKVgfA=,66
621,rpMeOgfpZmp8tC0gdswrxA==,80
622,/94oo+yLrkMPzwX3rDXFMQ==,80
623,RLVz4WNkByyd4Ewqlz+8CA==,80
624,pn74GKs2b7JMv5Yyesv+kQ==,80
625,rpMeOgfpZmp8tC0gdswrxA==,80
626,/94oo+yLrkMPzwX3rDXFMQ==,80
627,RLVz4WNkByyd4Ewqlz+8CA==,80
628,pn74GKs2b7JMv5Yyesv+kQ==,80
629,AbmWNUoKOpAOmaLiB/n2w3Noq+ebBYr5cZUMgDKVgfA=,17
630,3YrTz7J7QLm0XyL69JHLvw==,17
631,AbmWNUoKOpAOmaLiB/n2w3Noq+ebBYr5cZUMgDKVgfA=,17
632,3YrTz7J7QLm0XyL69JHLvw==,17
633,Okm7Yx2xnO5NQ0Tr16T/jw==,20
634,Okm7Yx2xnO5NQ0Tr16T/jw==,20
635,BhkaWai6XAYUGYYcUTTTSw==,14
636,BhkaWai6XAYUGYYcUTTTSw==,14
637,+A7DboagYm9OYKnzPPdIAg==,92
638,4/N7B9AH5aDl76CSPMMKgw==,87
639,NIqeVIp46KlqLUfsc9DOOw==,98
640,OD/DZqmeNAth0ijbOu0srQ==,92
641,+A7DboagYm9OYKnzPPdIAg==,92
642,4/N7B9AH5aDl76CSPMMKgw==,87
643,NIqeVIp46KlqLUfsc9DOOw==,98
644,OD/DZqmeNAth0ijbOu0srQ==,92
645,ofRv5iEullEqVwpFMnZGWQ==,74
646,9w7/71mXEvo5gJ8tenRtew==,74
647,ofRv5iEullEqVwpFMnZGWQ==,74
648,9w7/71mXEvo5gJ8tenRtew==,74
649,O1wBf20mu62Y8ym370LuTQ==,85
650,63lQmmWLUcFRUUmEaeDsSQOVhGkHiVUQ2+VAHQ064nQ=,62
651,akLvZGWNpQtVHim18cB3sg==,62
652,O1wBf20mu62Y8ym370LuTQ==,85
653,63lQmmWLUcFRUUmEaeDsSQOVhGkHiVUQ2+VAHQ064nQ=,62
654,akLvZGWNpQtVHim18cB3sg==,62
655,Tlnv7SYFqFHmleSVugL6nGZAFmJTqZpChzV6ZrCVPnw=,25
656,7Ez6dgEBMtnGjNm4zbxP+A==,25
657,zlovzbY+/MhYcYpt+p+/DA==,25
658,Tlnv7SYFqFHmleSVugL6nGZAFmJTqZpChzV6ZrCVPnw=,25
659,7Ez6dgEBMtnGjNm4zbxP+A==,25
660,zlovzbY+/MhYcYpt+p+/DA==,25
661,ZnaogQdMjAkJ9WAsdVszUA==,43
662,qlngCw0z3v7lGNhwlz1UrA==,69
663,6ARq45wHj47vw6cNr4aCwQ==,56
664,1Q//lTpGB5+KQSx5SAy03g==,56
665,ZnaogQdMjAkJ9WAsdVszUA==,43
666,qlngCw0z3v7lGNhwlz1UrA==,69
667,6ARq45wHj47vw6cNr4aCwQ==,56
668,1Q//lTpGB5+KQSx5SAy03g==,56
669,nsueY9ypEVVxibwzBgYk9BuoeFh+2IISSKtEWEWqqiI=,36
670,mZnbSGu07sej7pAbnVWnOg==,36
671,BRggWZpV0IDJ7zrYf8BtMA==,52
672,nsueY9ypEVVxibwzBgYk9BuoeFh+2IISSKtEWEWqqiI=,36
673,mZnbSGu07sej7pAbnVWnOg==,36
674,BRggWZpV0IDJ7zrYf8BtMA==,52
675,iyvpgy9b5dBKYp63X662X3Noq+ebBYr5cZUMgDKVgfA=,74
676,6L2OWpNCh6uNjRNTYhU24A==,74
677,FFnWdtIVkR4HF1IVDy1PFQ==,74
678,iCbrQnjnNXdEzmiOSX/wwQ==,74
679,54mjhoeoigTuwNwCzTyzHA==,74
680,iyvpgy9b5dBKYp63X662X3Noq+ebBYr5cZUMgDKVgfA=,74
681,6L2OWpNCh6uNjRNTYhU24A==,74
682,FFnWdtIVkR4HF1IVDy1PFQ==,74
683,iCbrQnjnNXdEzmiOSX/wwQ==,74
684,54mjhoeoigTuwNwCzTyzHA==,74
685,1NVKjK86woxUkGkv5xkfag==,56
686,05Esy3GVnaUAT9nOKx/y6w==,88
687,v1dJ+bXmOPkB/4C8gaoW+Xn6Ru7p4phPiIfG9lujnPg=,30
688,1NVKjK86woxUkGkv5xkfag==,56
689,05Esy3GVnaUAT9nOKx/y6w==,88
690,v1dJ+bXmOPkB/4C8gaoW+Xn6Ru7p4phPiIfG9lujnPg=,30
691,S7UzK9oSySxx4x1V1WED8A==,72
692,NSr04i+34Lj5ozN3+wOHWQ==,41
693,IZ5/RvkggHc7vhgr/y7PoXNoq+ebBYr5cZUMgDKVgfA=,33
694,SCrCxwrG5nkSzblfnlYYXQ==,20
695,S7UzK9oSySxx4x1V1WED8A==,72
696,NSr04i+34Lj5ozN3+wOHWQ==,41
697,IZ5/RvkggHc7vhgr/y7PoXNoq+ebBYr5cZUMgDKVgfA=,33
698,SCrCxwrG5nkSzblfnlYYXQ==,20
699,iEe2UpimnO6ECzcO+5sUbg==,61
700,6mgbcf4MnRRDtSCYlZAJAw==,63
701,Dl838VocQyxgiaSZZuwDZA==,63
702,Sc85S2ZJXaXIqH92aF3HLg==,66
703,iEe2UpimnO6ECzcO+5sUbg==,61
704,6mgbcf4MnRRDtSCYlZAJAw==,63
705,Dl838VocQyxgiaSZZuwDZA==,63
706,Sc85S2ZJXaXIqH92aF3HLg==,66
707,VBrnN4xtBaRYudaxI3bNNA==,56
708,tWxbTRY4FbX79J0fZ+WDzw==,56
709,Z26L8tTNx9StikInUykG7g==,56
710,VBrnN4xtBaRYudaxI3bNNA==,56
711,tWxbTRY4FbX79J0fZ+WDzw==,56
712,Z26L8tTNx9StikInUykG7g==,56
713,ThPFiriF1Ji6rQQPFStEAw==,92
714,WlH2uanknwZk/rc93ud+Gg==,79
715,v60aiYOlFHHChA0SW4ei2w==,43
716,jsBgWX7FlkLWBRkM45y5Xw==,71
717,ThPFiriF1Ji6rQQPFStEAw==,92
718,WlH2uanknwZk/rc93ud+Gg==,79
719,v60aiYOlFHHChA0SW4ei2w==,43
720,jsBgWX7FlkLWBRkM45y5Xw==,71
721,jovnES6jW3guDI+FLZo0kzZufuESgkfkIPp5RqX/z8M=,73
722,FUVKrl9v2yjHhOIfjDSpHw==,87
723,TZRkEXAC9+vb8Wh5Byw9Yg==,87
724,AvJtOEKgru7ByN9OgeBi/g==,87
725,jovnES6jW3guDI+FLZo0kzZufuESgkfkIPp5RqX/z8M=,73
726,FUVKrl9v2yjHhOIfjDSpHw==,87
727,TZRkEXAC9+vb8Wh5Byw9Yg==,87
728,AvJtOEKgru7ByN9OgeBi/g==,87
729,uMkNCbVzngHi6RQ92VzHNA==,54
730,4Xr+FFgSPo60Zdvga819jw==,39
731,pen/su/kKGz+EbUbQkbrk3iLdu0SFI//YtSt5FhlsgQ=,39
732,cVO6rruYoATfZqN/hZNf3A==,41
733,nQBxwJRrkvsSnv+MhdJHPw==,51
734,HIvUTysdFoMU1nx79jzyE9jFVbh6jp65rJev3MYIYBg=,39
735,2TXfD42cYqnGdEnzaRDqWQ==,26
736,uMkNCbVzngHi6RQ92VzHNA==,54
737,4Xr+FFgSPo60Zdvga819jw==,39
738,pen/su/kKGz+EbUbQkbrk3iLdu0SFI//YtSt5FhlsgQ=,39
739,cVO6rruYoATfZqN/hZNf3A==,41
740,nQBxwJRrkvsSnv+MhdJHPw==,51
741,HIvUTysdFoMU1nx79jzyE9jFVbh6jp65rJev3MYIYBg=,39
742,2TXfD42cYqnGdEnzaRDqWQ==,26
743,NbhQKr7p4TEUHXAND3ng/A==,45
744,UnPTY4zRHvQaiodnIA2YLisGl4aAiAbaSkvNmAWOYJs=,85
745,NbhQKr7p4TEUHXAND3ng/A==,45
746,UnPTY4zRHvQaiodnIA2YLisGl4aAiAbaSkvNmAWOYJs=,85
747,LjE0EN1tJl9BMjAK0GQKFg==,83
748,2DU71e4rUe3KUckSJMdONg==,42
749,2ARA0YLBhEQKlFsefPTcug==,42
750,LjE0EN1tJl9BMjAK0GQKFg==,83
751,2DU71e4rUe3KUckSJMdONg==,42
752,2ARA0YLBhEQKlFsefPTcug==,42
753,T6tLqRlFrvtEQpxuI1IXgmFcEUjejQHyCcSnFK+wlVY=,34
754,T6tLqRlFrvtEQpxuI1IXgmFcEUjejQHyCcSnFK+wlVY=,34
755,N//5X0Kepm58/vzyPrUCxQ==,98
756,EeGmVABRBf8AIDYNUhJk/w==,98
757,EQ3XSir5lyU60TAcxWfhbg==,98
758,9y+W0mWw2iz1dDmeyZhiUrZLJyyr3sPtIn6RxFKGhH0=,98
759,N//5X0Kepm58/vzyPrUCxQ==,98
760,EeGmVABRBf8AIDYNUhJk/w==,98
761,EQ3XSir5lyU60TAcxWfhbg==,98
762,9y+W0mWw2iz1dDmeyZhiUrZLJyyr3sPtIn6RxFKGhH0=,98
763,ww6MgSIpfpJCzdUsqB9LGQ==,31
764,K4ZDU9lyY1cuELOwPT1l9Q==,31
765,ww6MgSIpfpJCzdUsqB9LGQ==,31
766,K4ZDU9lyY1cuELOwPT1l9Q==,31
767,4yWriz5hN7JmanrpiN+q4w==,35
768,y54rw/vt0kT5MKqZmnYAZA==,35
769,X6pf27SktHOSnnvcP6k5yQ==,35
770,Re2kEob7zSgTefrJbmw2FA==,35
771,4yWriz5hN7JmanrpiN+q4w==,35
772,y54rw/vt0kT5MKqZmnYAZA==,35
773,X6pf27SktHOSnnvcP6k5yQ==,35
774,Re2kEob7zSgTefrJbmw2FA==,35
775,y7OhBUVloeP0ejprebNihA==,78
776,2LqpSpy5XQmOSy3PQoRJnQ==,70
777,F9aVw+mLxIMul5fx2thltw==,78
778,vqdedJikgOQ8dqNpKe5giQ==,78
779,PTCcNf9SmFyUd5SmJfC9vw==,78
780,+CdwNeAuoZZ3RYhBKPUXxw==,86
781,y7OhBUVloeP0ejprebNihA==,78
782,2LqpSpy5XQmOSy3PQoRJnQ==,70
783,F9aVw+mLxIMul5fx2thltw==,78
784,vqdedJikgOQ8dqNpKe5giQ==,78
785,PTCcNf9SmFyUd5SmJfC9vw==,78
786,+CdwNeAuoZZ3RYhBKPUXxw==,86
787,6X996Cgbp0q4eY7X6iPkiA==,67
788,a2ypguieyo+lOAaoJzYVBg==,76
789,CcJLkaRDneaXjk6/oZsXy3Noq+ebBYr5cZUMgDKVgfA=,86
790,I++XzAs2j/FYTZjnTEYI9A==,76
791,QK4Uuo4JyWXhF5KiEqCIYQ==,32
792,6X996Cgbp0q4eY7X6iPkiA==,67
793,a2ypguieyo+lOAaoJzYVBg==,76
794,CcJLkaRDneaXjk6/oZsXy3Noq+ebBYr5cZUMgDKVgfA=,86
795,I++XzAs2j/FYTZjnTEYI9A==,76
796,QK4Uuo4JyWXhF5KiEqCIYQ==,32
797,vh0ebGZDGQiTF40jfk5u4g==,19
798,q90IOz+1zFt+p3J6Li+xaQ==,89
799,vovVyaxN3MqJNPwuSxjSoQ==,54
800,e6bzoMt5k/hTaEKAVpoVcQ==,54
801,6QvpFGznIA1d2g9SKCJO9Q==,54
802,1llm9cIaOw44ahcBffF8qQ==,54
803,vh0ebGZDGQiTF40jfk5u4g==,19
804,q90IOz+1zFt+p3J6Li+xaQ==,89
805,vovVyaxN3MqJNPwuSxjSoQ==,54
806,e6bzoMt5k/hTaEKAVpoVcQ==,54
807,6QvpFGznIA1d2g9SKCJO9Q==,54
808,1llm9cIaOw44ahcBffF8qQ==,54
809,lGnFKybcWOgVA42DiDJU+DUGYZM1tiAvZA4adXgVGCA=,56
810,R4VYLxEoxPeXRIHV9YFrVg==,31
811,lGnFKybcWOgVA42DiDJU+DUGYZM1tiAvZA4adXgVGCA=,56
812,R4VYLxEoxPeXRIHV9YFrVg==,31
813,+wqzBS8DpdSebSSuuXZkmA==,13
814,XKOGOPMQe5iSCVm1kj34jg==,13
815,gu+Rj0SlztvmpLzA+2IjFQ==,13
816,+wqzBS8DpdSebSSuuXZkmA==,13
817,XKOGOPMQe5iSCVm1kj34jg==,13
818,gu+Rj0SlztvmpLzA+2IjFQ==,13
819,6OwvrPIEczHVGwAbaEupsg==,64
820,6OwvrPIEczHVGwAbaEupsg==,64
821,J5AXwW6sxhW2ZvxMTm/TUQ==,54
822,1piBVlgKRHTBFyt/Yse2CQ==,54
823,RetxteM+ZajtVBlwpdJMow==,81
824,H244HL5gnByyiqBgG/IlH3Noq+ebBYr5cZUMgDKVgfA=,54
825,J5AXwW6sxhW2ZvxMTm/TUQ==,54
826,1piBVlgKRHTBFyt/Yse2CQ==,54
827,RetxteM+ZajtVBlwpdJMow==,81
828,H244HL5gnByyiqBgG/IlH3Noq+ebBYr5cZUMgDKVgfA=,54
829,dMZyPpN2rA2d+BbI1oFDyw==,63
830,Y7dlMEirC9DvVNDVOMTnbQ==,23
831,dMZyPpN2rA2d+BbI1oFDyw==,63
832,Y7dlMEirC9DvVNDVOMTnbQ==,23
833,aMqt59I408noCPdXu0SegXNoq+ebBYr5cZUMgDKVgfA=,45
834,7EUBf3xFLu7riBdCmx+02w==,45
835,zkyQZ0srG3v4P4wmGt0dmQ==,64
836,3OpjnRU4hOUMnwfgOVsolQ==,45
837,AmpLNZYhMJ8YYZT2u9tDvQ==,45
838,qS208cSv/G/ASJxSQI6w9w==,27
839,SBv8kM3u3+i/aCIARwO+YQ==,45
840,aMqt59I408noCPdXu0SegXNoq+ebBYr5cZUMgDKVgfA=,45
841,7EUBf3xFLu7riBdCmx+02w==,45
842,zkyQZ0srG3v4P4wmGt0dmQ==,64
843,3OpjnRU4hOUMnwfgOVsolQ==,45
844,AmpLNZYhMJ8YYZT2u9tDvQ==,45
845,qS208cSv/G/ASJxSQI6w9w==,27
846,SBv8kM3u3+i/aCIARwO+YQ==,45
847,HjdO5cy30hDzt6oPOwdK+A==,72
848,5PJiqsCLOafU+FJUC3+gMP/P3RrSVCu45J+LOct5v7w=,72
849,QkhKjLWhyD7htr4Fn3lA0g==,72
850,X2yKBle9T56fnARBKABjGA==,72
851,HjdO5cy30hDzt6oPOwdK+A==,72
852,5PJiqsCLOafU+FJUC3+gMP/P3RrSVCu45J+LOct5v7w=,72
853,QkhKjLWhyD7htr4Fn3lA0g==,72
854,X2yKBle9T56fnARBKABjGA==,72
855,qlqFk1uknYpLUhGBNj8eUg==,17
856,QsSVACS8CuaxagNoXWy1hQ==,28
857,DJ6mjfQ9o40ONtbEWWtLtDZufuESgkfkIPp5RqX/z8M=,38
858,QA0Y4EiwFR62szt14jz/0w==,60
859,qlqFk1uknYpLUhGBNj8eUg==,17
860,QsSVACS8CuaxagNoXWy1hQ==,28
861,DJ6mjfQ9o40ONtbEWWtLtDZufuESgkfkIPp5RqX/z8M=,38
862,QA0Y4EiwFR62szt14jz/0w==,60
863,zCo4rAXrWET7EC9xWn7oXg==,60
864,Fxy1r9hRGq2eolrGqb1IUA==,60
865,zCo4rAXrWET7EC9xWn7oXg==,60
866,Fxy1r9hRGq2eolrGqb1IUA==,60
867,MDysDCPVKd080noIb1IvOHNoq+ebBYr5cZUMgDKVgfA=,42
868,vNEw8kZscI3uYrz3yEclvQ==,71
869,io62+EG2F5+WjWf3zadewA==,71
870,Fw5nRvXm97V/7kosI3oZFXNoq+ebBYr5cZUMgDKVgfA=,82
871,nX6h7liwqZif/SrpBxXPjg==,71
872,o8FkspW4PgSChRdGKKrk8w==,90
873,8ehMh3529qz/gapjAXqa3w==,81
874,kv7FbxpSAzk0o/ssJHxJfg==,71
875,uwDFm7UT7U0537m+9xs+TQ==,71
876,/mX+jTUnjQ/ncTeJnWtjuA==,71
877,gO9wdontLGk+tHFQ5lLhzQ==,79
878,z/rolXwGnDM4TtWSLmuVIA==,71
879,JxDlrNj4LpcMwYh/SnHwRw==,80
880,fDBlFhnXmYhYi6cI8g+m7A==,71
881,xuuseDVFR1oXO86G1D5v+w==,71
882,CHMxq6UInOmGjkBCCrbP1A==,71
883,OMqyvTP0I32w2jW3L3XnRw==,71
884,V0Bg9QvByKoei7GCknHkOw==,44
885,miGCRF8Le9PNbsvp6MhMIw==,71
886,MDysDCPVKd080noIb1IvOHNoq+ebBYr5cZUMgDKVgfA=,42
887,vNEw8kZscI3uYrz3yEclvQ==,71
888,io62+EG2F5+WjWf3zadewA==,71
889,Fw5nRvXm97V/7kosI3oZFXNoq+ebBYr5cZUMgDKVgfA=,82
890,nX6h7liwqZif/SrpBxXPjg==,71
891,o8FkspW4PgSChRdGKKrk8w==,90
892,8ehMh3529qz/gapjAXqa3w==,81
893,kv7FbxpSAzk0o/ssJHxJfg==,71
894,uwDFm7UT7U0537m+9xs+TQ==,71
895,/mX+jTUnjQ/ncTeJnWtjuA==,71
896,gO9wdontLGk+tHFQ5lLhzQ==,79
897,z/rolXwGnDM4TtWSLmuVIA==,71
898,JxDlrNj4LpcMwYh/SnHwRw==,80
899,fDBlFhnXmYhYi6cI8g+m7A==,71
900,xuuseDVFR1oXO86G1D5v+w==,71
901,CHMxq6UInOmGjkBCCrbP1A==,71
902,OMqyvTP0I32w2jW3L3XnRw==,71
903,V0Bg9QvByKoei7GCknHkOw==,44
904,miGCRF8Le9PNbsvp6MhMIw==,71
905,qcWr13DI+x0XyOiszERPpQ==,93
906,HBCqsFDzZqk3wK2/aSAE1w==,93
907,jN0dXxJ2H8I8gTMIsyrquA==,25
908,JbcyGIXd8LU37d6KwmzjBw==,93
909,qcWr13DI+x0XyOiszERPpQ==,93
910,HBCqsFDzZqk3wK2/aSAE1w==,93
911,jN0dXxJ2H8I8gTMIsyrquA==,25
912,JbcyGIXd8LU37d6KwmzjBw==,93
913,1YQ+aAfdqjMzHyWLaXgfxg==,32
914,Io+sun9WmKxFs714hioFLA==,32
915,BmephdYtWfVLkf0P9CQYsQ==,32
916,pSGn+rmCa83gv04zuzGDyA==,32
917,1YQ+aAfdqjMzHyWLaXgfxg==,32
918,Io+sun9WmKxFs714hioFLA==,32
919,BmephdYtWfVLkf0P9CQYsQ==,32
920,pSGn+rmCa83gv04zuzGDyA==,32
921,jb64T50uztN1uDtiSCiJhw==,89
922,+qR9umM1AyYA7PByeWElxA==,89
923,ZRc3sozXMqc/XpE5whLiQg==,89
924,jb64T50uztN1uDtiSCiJhw==,89
925,+qR9umM1AyYA7PByeWElxA==,89
926,ZRc3sozXMqc/XpE5whLiQg==,89
927,upUOP9Q6wbRaRqO2XOvEVQ==,80
928,1cutGiGQfWpF/Q7YrbTliw==,80
929,tezwdqVMbBioo06ovKvgvg==,80
930,cKyJIeGQs/9y30Ur13I2zQ==,80
931,Ak6puTtqfHi49qBmCki+ZHNoq+ebBYr5cZUMgDKVgfA=,80
932,QOcUsP8WcY2WluR4OHaOdg==,80
933,upUOP9Q6wbRaRqO2XOvEVQ==,80
934,1cutGiGQfWpF/Q7YrbTliw==,80
935,tezwdqVMbBioo06ovKvgvg==,80
936,cKyJIeGQs/9y30Ur13I2zQ==,80
937,Ak6puTtqfHi49qBmCki+ZHNoq+ebBYr5cZUMgDKVgfA=,80
938,QOcUsP8WcY2WluR4OHaOdg==,80
939,yp7JAwZ4XPP3fcGZKWQOrg==,88
940,TIKThZri03d8w4L5uKPC4A==,88
941,vvOLZjAPFpYzkgBSxwda4A==,88
942,/xAdAR793vZJxOogwHmdjw==,88
943,a8AzBLWUPJATOIc7VNTfxOtD4pJVBdboDmffKDx73KY=,88
944,yp7JAwZ4XPP3fcGZKWQOrg==,88
945,TIKThZri03d8w4L5uKPC4A==,88
946,vvOLZjAPFpYzkgBSxwda4A==,88
947,/xAdAR793vZJxOogwHmdjw==,88
948,a8AzBLWUPJATOIc7VNTfxOtD4pJVBdboDmffKDx73KY=,88
949,F01KIT0FnhxTOzYWDwv2Kw==,79
950,RxuWroQ0aBoUdEGeKPRAzw==,79
951,Avjaz9M5whN+J74ymsSfMQ==,48
952,kVmMf+AoYKvbXuuQqndzUw==,79
953,ArnkFoEoW32DIeY63LbYww==,79
954,F01KIT0FnhxTOzYWDwv2Kw==,79
955,RxuWroQ0aBoUdEGeKPRAzw==,79
956,Avjaz9M5whN+J74ymsSfMQ==,48
957,kVmMf+AoYKvbXuuQqndzUw==,79
958,ArnkFoEoW32DIeY63LbYww==,79
959,DAzI6gH7r1S42GM6ZRMKYw==,84
960,e/TTMvdFpK+pNN9E/y+zKA==,18
961,l89L5+a5WusCSBCa4nVOqw==,84
962,NvPnvt+/AwGCaFWyfa6f6A==,97
963,uMayIc9KL5yZRHejqIwCzg==,84
964,yCjMRVu43Ch7Js2UBgkPNg==,84
965,CC5oJ2SkSTeb07cGHTBBgw==,84
966,jRsC64L0bxohm4WhnxXdLS9JCS2qBvrv2haZBXu5AGs=,71
967,DAzI6gH7r1S42GM6ZRMKYw==,84
968,e/TTMvdFpK+pNN9E/y+zKA==,18
969,l89L5+a5WusCSBCa4nVOqw==,84
970,NvPnvt+/AwGCaFWyfa6f6A==,97
971,uMayIc9KL5yZRHejqIwCzg==,84
972,yCjMRVu43Ch7Js2UBgkPNg==,84
973,CC5oJ2SkSTeb07cGHTBBgw==,84
974,jRsC64L0bxohm4WhnxXdLS9JCS2qBvrv2haZBXu5AGs=,71
975,WwpRbG2dB9H+AGrBrZmZ9g==,62
976,LtwMZaI/zjo+nDGtOJbyBQ==,62
977,WwpRbG2dB9H+AGrBrZmZ9g==,62
978,LtwMZaI/zjo+nDGtOJbyBQ==,62
979,rQP5kbvvtcSzUHjd0Y066Q==,73
980,7SF1gpFe/wTkE6MdCbePyw==,73
981,rQP5kbvvtcSzUHjd0Y066Q==,73
982,7SF1gpFe/wTkE6MdCbePyw==,73
983,16ZuMMCziCpvTgIkDsmliw==,19
984,16ZuMMCziCpvTgIkDsmliw==,19
985,KR3cEkHnYNU6A1jKtVUchg==,39
986,F1vv7k71IjP8tdoGXN5Svg==,39
987,KR3cEkHnYNU6A1jKtVUchg==,39
988,F1vv7k71IjP8tdoGXN5Svg==,39
989,obn2emXaIzCPjpaqUt8wVg==,32
990,lHd9mmPa/LSM1GHd8yXgrA==,32
991,QrkIXHJLXUYK3E5vGScu7Q==,32
992,obn2emXaIzCPjpaqUt8wVg==,32
993,lHd9mmPa/LSM1GHd8yXgrA==,32
994,QrkIXHJLXUYK3E5vGScu7Q==,32
995,RxuWroQ0aBoUdEGeKPRAzw==,99
996,DAVKrTVxAq9z1f6Ea9FgY7ZcDuDFHSsVyCJHDfb2J38=,57
997,ktMjkXr7I6oewmQIG0SzAw==,57
998,qehgZU00zofRDO53wMmmPg==,57
999,kKj2q8mqdoiJWP8MVB2ibw==,57
1000,iEmBoany4haRLUoR7tUmNA==,16
1001,RxuWroQ0aBoUdEGeKPRAzw==,99
1002,DAVKrTVxAq9z1f6Ea9FgY7ZcDuDFHSsVyCJHDfb2J38=,57
1003,ktMjkXr7I6oewmQIG0SzAw==,57
1004,qehgZU00zofRDO53wMmmPg==,57
1005,kKj2q8mqdoiJWP8MVB2ibw==,57
1006,iEmBoany4haRLUoR7tUmNA==,16
1007,d20sz8xgTPzZNKpY3tnVzQ==,41
1008,ttQLp9fG4bbMglmqc7UCSHNoq+ebBYr5cZUMgDKVgfA=,41
1009,c4U/dLHsdgi9sbi3PQ3H1w==,41
1010,ByB9ZcHngT6Shma1/eiATg==,41
1011,d20sz8xgTPzZNKpY3tnVzQ==,41
1012,ttQLp9fG4bbMglmqc7UCSHNoq+ebBYr5cZUMgDKVgfA=,41
1013,c4U/dLHsdgi9sbi3PQ3H1w==,41
1014,ByB9ZcHngT6Shma1/eiATg==,41
1015,PgQv326x+6SDEG6qN/IaRQ==,46
1016,z5LOsR3dk2Z2OBuawxHakg==,46
1017,VHwqqgajWd6rJ9IMVKMXRcmbijddyKZ6FatAu7Rkkw0=,46
1018,PgQv326x+6SDEG6qN/IaRQ==,46
1019,z5LOsR3dk2Z2OBuawxHakg==,46
1020,VHwqqgajWd6rJ9IMVKMXRcmbijddyKZ6FatAu7Rkkw0=,46
1021,9l2YsYY0eVLzLeFXcpiakQ==,13
1022,SyViAnYNK8eEWeaW+T18vHNoq+ebBYr5cZUMgDKVgfA=,13
1023,kObZLUQeV56aO7+wYOpH3w==,13
1024,7x99+/qXmSgBhto9A0XSOHNoq+ebBYr5cZUMgDKVgfA=,13
1025,9l2YsYY0eVLzLeFXcpiakQ==,13
1026,SyViAnYNK8eEWeaW+T18vHNoq+ebBYr5cZUMgDKVgfA=,13
1027,kObZLUQeV56aO7+wYOpH3w==,13
1028,7x99+/qXmSgBhto9A0XSOHNoq+ebBYr5cZUMgDKVgfA=,13
1029,b8BKsRVkuwPxIcS83pgPp3Noq+ebBYr5cZUMgDKVgfA=,83
1030,b8BKsRVkuwPxIcS83pgPp3Noq+ebBYr5cZUMgDKVgfA=,83
1031,P7LV8JSHasNh2ZYtW27SZA==,73
1032,cN/oIIhZqkAUObJHxH+org==,73
1033,P7LV8JSHasNh2ZYtW27SZA==,73
1034,cN/oIIhZqkAUObJHxH+org==,73
1035,lEO5kiZ21ULnRs63708BGw==,91
1036,3+aXbTKsFmH4zL4qvW0Ulg==,91
1037,sUQEGcq+nTOAfSb37i4EDA==,91
1038,V4moKeJipA0nBh2Q35DWcw==,91
1039,2gDqYtRLBtkIlUmO8AGaEQ==,91
1040,BBFKAR3LvBlrHIBVeb5x9Q==,91
1041,j39CdyDdf2/XTU6D+OSl+nNoq+ebBYr5cZUMgDKVgfA=,91
1042,lEO5kiZ21ULnRs63708BGw==,91
1043,3+aXbTKsFmH4zL4qvW0Ulg==,91
1044,sUQEGcq+nTOAfSb37i4EDA==,91
1045,V4moKeJipA0nBh2Q35DWcw==,91
1046,2gDqYtRLBtkIlUmO8AGaEQ==,91
1047,BBFKAR3LvBlrHIBVeb5x9Q==,91
1048,j39CdyDdf2/XTU6D+OSl+nNoq+ebBYr5cZUMgDKVgfA=,91
1049,Qc3XK1Rdl6HXwFJVQmuy5w==,100
1050,aKaOigKY6T7Zoa3bNtLwsQ==,100
1051,Qc3XK1Rdl6HXwFJVQmuy5w==,100
1052,aKaOigKY6T7Zoa3bNtLwsQ==,100
